"Time stamp","EGADE Campus Santa Fe  - Total  (kW)"
"2018-09-01 00:00","4.19"
"2018-09-01 00:15","2.24"
"2018-09-01 00:30","2.37"
"2018-09-01 00:45","5.82"
"2018-09-01 01:00","7.35"
"2018-09-01 01:15","3.07"
"2018-09-01 01:30","2.22"
"2018-09-01 01:45","2.23"
"2018-09-01 02:00","3.87"
"2018-09-01 02:15","4.65"
"2018-09-01 02:30","2.28"
"2018-09-01 02:45","2.24"
"2018-09-01 03:00","2.24"
"2018-09-01 03:15","2.23"
"2018-09-01 03:30","3.78"
"2018-09-01 03:45","3.68"
"2018-09-01 04:00","3.04"
"2018-09-01 04:15","2.24"
"2018-09-01 04:30","2.24"
"2018-09-01 04:45","2.24"
"2018-09-01 05:00","3.53"
"2018-09-01 05:15","3.22"
"2018-09-01 05:30","2.25"
"2018-09-01 05:45","2.25"
"2018-09-01 06:00","2.24"
"2018-09-01 06:15","2.25"
"2018-09-01 06:30","2.25"
"2018-09-01 06:45","3.13"
"2018-09-01 07:00","4.96"
"2018-09-01 07:15","2.24"
"2018-09-01 07:30","2.23"
"2018-09-01 07:45","2.24"
"2018-09-01 08:00","2.23"
"2018-09-01 08:15","3.53"
"2018-09-01 08:30","5.19"
"2018-09-01 08:45","8.42"
"2018-09-01 09:00","3.34"
"2018-09-01 09:15","3.66"
"2018-09-01 09:30","11.59"
"2018-09-01 09:45","16.04"
"2018-09-01 10:00","14.13"
"2018-09-01 10:15","14.33"
"2018-09-01 10:30","14.39"
"2018-09-01 10:45","12.43"
"2018-09-01 11:00","10.3"
"2018-09-01 11:15","11.43"
"2018-09-01 11:30","17.39"
"2018-09-01 11:45","16.71"
"2018-09-01 12:00","14.27"
"2018-09-01 12:15","12.59"
"2018-09-01 12:30","17.06"
"2018-09-01 12:45","15.1"
"2018-09-01 13:00","13.31"
"2018-09-01 13:15","14.16"
"2018-09-01 13:30","14.44"
"2018-09-01 13:45","20.19"
"2018-09-01 14:00","20.7"
"2018-09-01 14:15","20.05"
"2018-09-01 14:30","13.78"
"2018-09-01 14:45","21.72"
"2018-09-01 15:00","10.8"
"2018-09-01 15:15","14.7"
"2018-09-01 15:30","15.82"
"2018-09-01 15:45","12.35"
"2018-09-01 16:00","16.18"
"2018-09-01 16:15","15.07"
"2018-09-01 16:30","15.65"
"2018-09-01 16:45","15.12"
"2018-09-01 17:00","12.67"
"2018-09-01 17:15","14.97"
"2018-09-01 17:30","14.11"
"2018-09-01 17:45","10.38"
"2018-09-01 18:00","9.47"
"2018-09-01 18:15","7.44"
"2018-09-01 18:30","9.63"
"2018-09-01 18:45","9.78"
"2018-09-01 19:00","12.45"
"2018-09-01 19:15","9.43"
"2018-09-01 19:30","5.61"
"2018-09-01 19:45","5.28"
"2018-09-01 20:00","5.28"
"2018-09-01 20:15","4.99"
"2018-09-01 20:30","4.96"
"2018-09-01 20:45","4.96"
"2018-09-01 21:00","5.0"
"2018-09-01 21:15","8.28"
"2018-09-01 21:30","9.09"
"2018-09-01 21:45","9.35"
"2018-09-01 22:00","8.83"
"2018-09-01 22:15","4.25"
"2018-09-01 22:30","4.12"
"2018-09-01 22:45","9.62"
"2018-09-01 23:00","7.86"
"2018-09-01 23:15","5.73"
"2018-09-01 23:30","2.47"
"2018-09-01 23:45","5.89"
"2018-09-02 00:00","8.41"
"2018-09-02 00:15","6.15"
"2018-09-02 00:30","3.18"
"2018-09-02 00:45","4.03"
"2018-09-02 01:00","5.37"
"2018-09-02 01:15","4.71"
"2018-09-02 01:30","2.65"
"2018-09-02 01:45","4.59"
"2018-09-02 02:00","5.1"
"2018-09-02 02:15","4.69"
"2018-09-02 02:30","2.31"
"2018-09-02 02:45","4.96"
"2018-09-02 03:00","5.15"
"2018-09-02 03:15","3.92"
"2018-09-02 03:30","2.65"
"2018-09-02 03:45","5.28"
"2018-09-02 04:00","4.93"
"2018-09-02 04:15","3.38"
"2018-09-02 04:30","2.66"
"2018-09-02 04:45","5.56"
"2018-09-02 05:00","5.2"
"2018-09-02 05:15","3.53"
"2018-09-02 05:30","2.23"
"2018-09-02 05:45","4.46"
"2018-09-02 06:00","5.15"
"2018-09-02 06:15","4.75"
"2018-09-02 06:30","2.34"
"2018-09-02 06:45","2.47"
"2018-09-02 07:00","5.37"
"2018-09-02 07:15","5.7"
"2018-09-02 07:30","4.42"
"2018-09-02 07:45","2.23"
"2018-09-02 08:00","2.23"
"2018-09-02 08:15","4.49"
"2018-09-02 08:30","5.06"
"2018-09-02 08:45","5.32"
"2018-09-02 09:00","2.48"
"2018-09-02 09:15","4.29"
"2018-09-02 09:30","10.03"
"2018-09-02 09:45","6.38"
"2018-09-02 10:00","5.28"
"2018-09-02 10:15","5.34"
"2018-09-02 10:30","5.58"
"2018-09-02 10:45","6.05"
"2018-09-02 11:00","6.02"
"2018-09-02 11:15","7.68"
"2018-09-02 11:30","7.82"
"2018-09-02 11:45","7.95"
"2018-09-02 12:00","9.79"
"2018-09-02 12:15","10.1"
"2018-09-02 12:30","8.94"
"2018-09-02 12:45","8.42"
"2018-09-02 13:00","6.87"
"2018-09-02 13:15","11.59"
"2018-09-02 13:30","8.67"
"2018-09-02 13:45","11.43"
"2018-09-02 14:00","7.44"
"2018-09-02 14:15","7.27"
"2018-09-02 14:30","6.89"
"2018-09-02 14:45","8.18"
"2018-09-02 15:00","7.96"
"2018-09-02 15:15","8.64"
"2018-09-02 15:30","6.64"
"2018-09-02 15:45","9.68"
"2018-09-02 16:00","8.36"
"2018-09-02 16:15","9.89"
"2018-09-02 16:30","6.47"
"2018-09-02 16:45","11.0"
"2018-09-02 17:00","10.08"
"2018-09-02 17:15","9.43"
"2018-09-02 17:30","7.53"
"2018-09-02 17:45","9.38"
"2018-09-02 18:00","5.79"
"2018-09-02 18:15","5.79"
"2018-09-02 18:30","5.66"
"2018-09-02 18:45","5.18"
"2018-09-02 19:00","4.91"
"2018-09-02 19:15","4.94"
"2018-09-02 19:30","4.94"
"2018-09-02 19:45","4.96"
"2018-09-02 20:00","5.7"
"2018-09-02 20:15","9.41"
"2018-09-02 20:30","6.89"
"2018-09-02 20:45","5.49"
"2018-09-02 21:00","4.72"
"2018-09-02 21:15","3.05"
"2018-09-02 21:30","3.87"
"2018-09-02 21:45","6.97"
"2018-09-02 22:00","5.75"
"2018-09-02 22:15","5.6"
"2018-09-02 22:30","3.02"
"2018-09-02 22:45","4.1"
"2018-09-02 23:00","4.88"
"2018-09-02 23:15","4.66"
"2018-09-02 23:30","2.32"
"2018-09-02 23:45","4.97"
"2018-09-03 00:00","4.76"
"2018-09-03 00:15","4.11"
"2018-09-03 00:30","2.48"
"2018-09-03 00:45","5.11"
"2018-09-03 01:00","4.94"
"2018-09-03 01:15","3.7"
"2018-09-03 01:30","2.66"
"2018-09-03 01:45","5.47"
"2018-09-03 02:00","4.75"
"2018-09-03 02:15","3.4"
"2018-09-03 02:30","2.43"
"2018-09-03 02:45","4.92"
"2018-09-03 03:00","5.1"
"2018-09-03 03:15","3.97"
"2018-09-03 03:30","2.23"
"2018-09-03 03:45","4.16"
"2018-09-03 04:00","5.46"
"2018-09-03 04:15","4.72"
"2018-09-03 04:30","2.25"
"2018-09-03 04:45","2.31"
"2018-09-03 05:00","5.13"
"2018-09-03 05:15","5.15"
"2018-09-03 05:30","4.46"
"2018-09-03 05:45","2.21"
"2018-09-03 06:00","2.22"
"2018-09-03 06:15","3.14"
"2018-09-03 06:30","3.76"
"2018-09-03 06:45","2.23"
"2018-09-03 07:00","3.19"
"2018-09-03 07:15","5.52"
"2018-09-03 07:30","5.08"
"2018-09-03 07:45","2.81"
"2018-09-03 08:00","4.11"
"2018-09-03 08:15","5.94"
"2018-09-03 08:30","6.07"
"2018-09-03 08:45","9.0"
"2018-09-03 09:00","20.55"
"2018-09-03 09:15","23.19"
"2018-09-03 09:30","20.73"
"2018-09-03 09:45","26.7"
"2018-09-03 10:00","22.33"
"2018-09-03 10:15","25.03"
"2018-09-03 10:30","23.1"
"2018-09-03 10:45","23.26"
"2018-09-03 11:00","25.37"
"2018-09-03 11:15","20.52"
"2018-09-03 11:30","19.52"
"2018-09-03 11:45","26.36"
"2018-09-03 12:00","23.91"
"2018-09-03 12:15","23.5"
"2018-09-03 12:30","26.32"
"2018-09-03 12:45","25.16"
"2018-09-03 13:00","31.63"
"2018-09-03 13:15","30.96"
"2018-09-03 13:30","31.62"
"2018-09-03 13:45","26.96"
"2018-09-03 14:00","29.37"
"2018-09-03 14:15","23.7"
"2018-09-03 14:30","27.23"
"2018-09-03 14:45","28.07"
"2018-09-03 15:00","24.89"
"2018-09-03 15:15","33.84"
"2018-09-03 15:30","30.16"
"2018-09-03 15:45","27.9"
"2018-09-03 16:00","25.24"
"2018-09-03 16:15","25.45"
"2018-09-03 16:30","28.08"
"2018-09-03 16:45","23.85"
"2018-09-03 17:00","20.72"
"2018-09-03 17:15","18.26"
"2018-09-03 17:30","20.79"
"2018-09-03 17:45","20.2"
"2018-09-03 18:00","14.28"
"2018-09-03 18:15","13.55"
"2018-09-03 18:30","13.92"
"2018-09-03 18:45","14.83"
"2018-09-03 19:00","12.32"
"2018-09-03 19:15","12.72"
"2018-09-03 19:30","15.27"
"2018-09-03 19:45","11.04"
"2018-09-03 20:00","14.19"
"2018-09-03 20:15","10.27"
"2018-09-03 20:30","7.64"
"2018-09-03 20:45","5.76"
"2018-09-03 21:00","5.79"
"2018-09-03 21:15","9.41"
"2018-09-03 21:30","12.02"
"2018-09-03 21:45","13.17"
"2018-09-03 22:00","8.71"
"2018-09-03 22:15","4.42"
"2018-09-03 22:30","3.87"
"2018-09-03 22:45","5.56"
"2018-09-03 23:00","7.83"
"2018-09-03 23:15","4.13"
"2018-09-03 23:30","3.52"
"2018-09-03 23:45","5.3"
"2018-09-04 00:00","5.82"
"2018-09-04 00:15","7.57"
"2018-09-04 00:30","4.67"
"2018-09-04 00:45","5.41"
"2018-09-04 01:00","8.72"
"2018-09-04 01:15","5.49"
"2018-09-04 01:30","4.86"
"2018-09-04 01:45","2.77"
"2018-09-04 02:00","4.55"
"2018-09-04 02:15","5.16"
"2018-09-04 02:30","5.13"
"2018-09-04 02:45","2.33"
"2018-09-04 03:00","4.65"
"2018-09-04 03:15","5.19"
"2018-09-04 03:30","4.23"
"2018-09-04 03:45","2.66"
"2018-09-04 04:00","5.2"
"2018-09-04 04:15","5.07"
"2018-09-04 04:30","3.54"
"2018-09-04 04:45","3.11"
"2018-09-04 05:00","5.27"
"2018-09-04 05:15","4.92"
"2018-09-04 05:30","3.15"
"2018-09-04 05:45","2.78"
"2018-09-04 06:00","5.49"
"2018-09-04 06:15","5.02"
"2018-09-04 06:30","5.07"
"2018-09-04 06:45","5.81"
"2018-09-04 07:00","8.42"
"2018-09-04 07:15","9.35"
"2018-09-04 07:30","11.44"
"2018-09-04 07:45","9.47"
"2018-09-04 08:00","5.95"
"2018-09-04 08:15","8.56"
"2018-09-04 08:30","10.2"
"2018-09-04 08:45","15.04"
"2018-09-04 09:00","16.42"
"2018-09-04 09:15","13.42"
"2018-09-04 09:30","13.39"
"2018-09-04 09:45","18.74"
"2018-09-04 10:00","29.32"
"2018-09-04 10:15","23.7"
"2018-09-04 10:30","27.83"
"2018-09-04 10:45","27.03"
"2018-09-04 11:00","28.78"
"2018-09-04 11:15","23.31"
"2018-09-04 11:30","32.1"
"2018-09-04 11:45","37.46"
"2018-09-04 12:00","36.72"
"2018-09-04 12:15","44.2"
"2018-09-04 12:30","38.44"
"2018-09-04 12:45","36.59"
"2018-09-04 13:00","36.18"
"2018-09-04 13:15","41.08"
"2018-09-04 13:30","34.14"
"2018-09-04 13:45","36.71"
"2018-09-04 14:00","35.92"
"2018-09-04 14:15","42.61"
"2018-09-04 14:30","37.59"
"2018-09-04 14:45","39.56"
"2018-09-04 15:00","34.2"
"2018-09-04 15:15","33.33"
"2018-09-04 15:30","34.48"
"2018-09-04 15:45","36.06"
"2018-09-04 16:00","36.36"
"2018-09-04 16:15","44.06"
"2018-09-04 16:30","34.26"
"2018-09-04 16:45","36.28"
"2018-09-04 17:00","29.61"
"2018-09-04 17:15","24.32"
"2018-09-04 17:30","22.04"
"2018-09-04 17:45","17.12"
"2018-09-04 18:00","12.82"
"2018-09-04 18:15","8.73"
"2018-09-04 18:30","14.15"
"2018-09-04 18:45","15.03"
"2018-09-04 19:00","17.37"
"2018-09-04 19:15","15.5"
"2018-09-04 19:30","11.26"
"2018-09-04 19:45","12.24"
"2018-09-04 20:00","9.78"
"2018-09-04 20:15","9.41"
"2018-09-04 20:30","7.58"
"2018-09-04 20:45","8.0"
"2018-09-04 21:00","6.73"
"2018-09-04 21:15","7.29"
"2018-09-04 21:30","3.39"
"2018-09-04 21:45","4.88"
"2018-09-04 22:00","6.37"
"2018-09-04 22:15","7.43"
"2018-09-04 22:30","7.96"
"2018-09-04 22:45","5.55"
"2018-09-04 23:00","2.5"
"2018-09-04 23:15","3.98"
"2018-09-04 23:30","2.47"
"2018-09-04 23:45","3.81"
"2018-09-05 00:00","2.29"
"2018-09-05 00:15","4.61"
"2018-09-05 00:30","2.25"
"2018-09-05 00:45","2.25"
"2018-09-05 01:00","4.19"
"2018-09-05 01:15","2.25"
"2018-09-05 01:30","2.24"
"2018-09-05 01:45","2.42"
"2018-09-05 02:00","4.1"
"2018-09-05 02:15","2.26"
"2018-09-05 02:30","2.25"
"2018-09-05 02:45","2.24"
"2018-09-05 03:00","2.32"
"2018-09-05 03:15","4.94"
"2018-09-05 03:30","2.24"
"2018-09-05 03:45","2.24"
"2018-09-05 04:00","2.24"
"2018-09-05 04:15","2.24"
"2018-09-05 04:30","2.25"
"2018-09-05 04:45","2.25"
"2018-09-05 05:00","2.24"
"2018-09-05 05:15","2.7"
"2018-09-05 05:30","4.06"
"2018-09-05 05:45","2.23"
"2018-09-05 06:00","2.23"
"2018-09-05 06:15","2.23"
"2018-09-05 06:30","2.25"
"2018-09-05 06:45","3.33"
"2018-09-05 07:00","5.47"
"2018-09-05 07:15","5.46"
"2018-09-05 07:30","5.46"
"2018-09-05 07:45","5.67"
"2018-09-05 08:00","8.68"
"2018-09-05 08:15","10.75"
"2018-09-05 08:30","11.76"
"2018-09-05 08:45","14.6"
"2018-09-05 09:00","8.66"
"2018-09-05 09:15","9.11"
"2018-09-05 09:30","11.32"
"2018-09-05 09:45","6.81"
"2018-09-05 10:00","12.9"
"2018-09-05 10:15","10.92"
"2018-09-05 10:30","12.54"
"2018-09-05 10:45","11.74"
"2018-09-05 11:00","9.28"
"2018-09-05 11:15","12.44"
"2018-09-05 11:30","11.5"
"2018-09-05 11:45","11.86"
"2018-09-05 12:00","10.82"
"2018-09-05 12:15","15.24"
"2018-09-05 12:30","27.2"
"2018-09-05 12:45","37.15"
"2018-09-05 13:00","27.94"
"2018-09-05 13:15","29.71"
"2018-09-05 13:30","24.44"
"2018-09-05 13:45","35.41"
"2018-09-05 14:00","28.75"
"2018-09-05 14:15","36.44"
"2018-09-05 14:30","32.34"
"2018-09-05 14:45","36.87"
"2018-09-05 15:00","35.77"
"2018-09-05 15:15","33.86"
"2018-09-05 15:30","32.21"
"2018-09-05 15:45","33.22"
"2018-09-05 16:00","29.43"
"2018-09-05 16:15","27.61"
"2018-09-05 16:30","24.04"
"2018-09-05 16:45","22.29"
"2018-09-05 17:00","24.66"
"2018-09-05 17:15","27.99"
"2018-09-05 17:30","18.76"
"2018-09-05 17:45","14.95"
"2018-09-05 18:00","11.09"
"2018-09-05 18:15","24.51"
"2018-09-05 18:30","24.7"
"2018-09-05 18:45","26.42"
"2018-09-05 19:00","20.01"
"2018-09-05 19:15","14.8"
"2018-09-05 19:30","25.22"
"2018-09-05 19:45","15.3"
"2018-09-05 20:00","18.81"
"2018-09-05 20:15","20.13"
"2018-09-05 20:30","20.27"
"2018-09-05 20:45","17.64"
"2018-09-05 21:00","10.72"
"2018-09-05 21:15","16.05"
"2018-09-05 21:30","20.33"
"2018-09-05 21:45","15.81"
"2018-09-05 22:00","17.99"
"2018-09-05 22:15","12.61"
"2018-09-05 22:30","11.36"
"2018-09-05 22:45","16.78"
"2018-09-05 23:00","16.31"
"2018-09-05 23:15","11.41"
"2018-09-05 23:30","12.86"
"2018-09-05 23:45","11.3"
"2018-09-06 00:00","18.31"
"2018-09-06 00:15","11.41"
"2018-09-06 00:30","6.19"
"2018-09-06 00:45","9.79"
"2018-09-06 01:00","14.73"
"2018-09-06 01:15","9.96"
"2018-09-06 01:30","8.04"
"2018-09-06 01:45","11.91"
"2018-09-06 02:00","10.72"
"2018-09-06 02:15","6.27"
"2018-09-06 02:30","11.9"
"2018-09-06 02:45","11.48"
"2018-09-06 03:00","7.48"
"2018-09-06 03:15","9.61"
"2018-09-06 03:30","11.65"
"2018-09-06 03:45","9.75"
"2018-09-06 04:00","6.0"
"2018-09-06 04:15","9.37"
"2018-09-06 04:30","12.32"
"2018-09-06 04:45","9.85"
"2018-09-06 05:00","9.13"
"2018-09-06 05:15","13.46"
"2018-09-06 05:30","11.99"
"2018-09-06 05:45","10.26"
"2018-09-06 06:00","9.78"
"2018-09-06 06:15","13.34"
"2018-09-06 06:30","10.98"
"2018-09-06 06:45","10.8"
"2018-09-06 07:00","20.3"
"2018-09-06 07:15","19.1"
"2018-09-06 07:30","13.91"
"2018-09-06 07:45","20.77"
"2018-09-06 08:00","21.48"
"2018-09-06 08:15","15.49"
"2018-09-06 08:30","16.43"
"2018-09-06 08:45","17.38"
"2018-09-06 09:00","24.62"
"2018-09-06 09:15","22.35"
"2018-09-06 09:30","27.06"
"2018-09-06 09:45","19.33"
"2018-09-06 10:00","16.76"
"2018-09-06 10:15","21.74"
"2018-09-06 10:30","24.03"
"2018-09-06 10:45","25.33"
"2018-09-06 11:00","20.86"
"2018-09-06 11:15","106.61"
"2018-09-06 11:30","170.15"
"2018-09-06 11:45","182.77"
"2018-09-06 12:00","183.78"
"2018-09-06 12:15","177.41"
"2018-09-06 12:30","181.78"
"2018-09-06 12:45","180.38"
"2018-09-06 13:00","175.51"
"2018-09-06 13:15","183.31"
"2018-09-06 13:30","178.65"
"2018-09-06 13:45","184.12"
"2018-09-06 14:00","184.98"
"2018-09-06 14:15","185.48"
"2018-09-06 14:30","175.69"
"2018-09-06 14:45","181.81"
"2018-09-06 15:00","180.35"
"2018-09-06 15:15","177.29"
"2018-09-06 15:30","182.08"
"2018-09-06 15:45","182.63"
"2018-09-06 16:00","179.0"
"2018-09-06 16:15","173.97"
"2018-09-06 16:30","176.04"
"2018-09-06 16:45","171.84"
"2018-09-06 17:00","169.71"
"2018-09-06 17:15","169.98"
"2018-09-06 17:30","166.22"
"2018-09-06 17:45","165.86"
"2018-09-06 18:00","176.65"
"2018-09-06 18:15","173.69"
"2018-09-06 18:30","171.68"
"2018-09-06 18:45","166.45"
"2018-09-06 19:00","160.25"
"2018-09-06 19:15","156.23"
"2018-09-06 19:30","158.36"
"2018-09-06 19:45","143.15"
"2018-09-06 20:00","147.14"
"2018-09-06 20:15","140.91"
"2018-09-06 20:30","135.31"
"2018-09-06 20:45","123.98"
"2018-09-06 21:00","130.49"
"2018-09-06 21:15","129.92"
"2018-09-06 21:30","123.9"
"2018-09-06 21:45","116.59"
"2018-09-06 22:00","77.65"
"2018-09-06 22:15","75.32"
"2018-09-06 22:30","67.23"
"2018-09-06 22:45","58.36"
"2018-09-06 23:00","49.38"
"2018-09-06 23:15","46.9"
"2018-09-06 23:30","52.88"
"2018-09-06 23:45","48.67"
"2018-09-07 00:00","49.49"
"2018-09-07 00:15","45.3"
"2018-09-07 00:30","47.84"
"2018-09-07 00:45","44.56"
"2018-09-07 01:00","50.95"
"2018-09-07 01:15","45.79"
"2018-09-07 01:30","44.96"
"2018-09-07 01:45","50.5"
"2018-09-07 02:00","43.72"
"2018-09-07 02:15","42.42"
"2018-09-07 02:30","47.63"
"2018-09-07 02:45","45.53"
"2018-09-07 03:00","51.56"
"2018-09-07 03:15","49.67"
"2018-09-07 03:30","45.54"
"2018-09-07 03:45","44.63"
"2018-09-07 04:00","44.16"
"2018-09-07 04:15","43.64"
"2018-09-07 04:30","45.54"
"2018-09-07 04:45","50.12"
"2018-09-07 05:00","84.38"
"2018-09-07 05:15","113.25"
"2018-09-07 05:30","113.96"
"2018-09-07 05:45","118.85"
"2018-09-07 06:00","129.96"
"2018-09-07 06:15","129.0"
"2018-09-07 06:30","141.51"
"2018-09-07 06:45","151.2"
"2018-09-07 07:00","154.03"
"2018-09-07 07:15","159.76"
"2018-09-07 07:30","154.62"
"2018-09-07 07:45","156.14"
"2018-09-07 08:00","166.68"
"2018-09-07 08:15","167.99"
"2018-09-07 08:30","164.84"
"2018-09-07 08:45","165.26"
"2018-09-07 09:00","169.64"
"2018-09-07 09:15","174.55"
"2018-09-07 09:30","169.29"
"2018-09-07 09:45","165.12"
"2018-09-07 10:00","159.82"
"2018-09-07 10:15","162.41"
"2018-09-07 10:30","172.63"
"2018-09-07 10:45","170.46"
"2018-09-07 11:00","175.82"
"2018-09-07 11:15","169.47"
"2018-09-07 11:30","174.02"
"2018-09-07 11:45","176.45"
"2018-09-07 12:00","175.54"
"2018-09-07 12:15","171.09"
"2018-09-07 12:30","175.52"
"2018-09-07 12:45","173.44"
"2018-09-07 13:00","172.09"
"2018-09-07 13:15","173.93"
"2018-09-07 13:30","172.64"
"2018-09-07 13:45","175.09"
"2018-09-07 14:00","172.47"
"2018-09-07 14:15","173.7"
"2018-09-07 14:30","170.16"
"2018-09-07 14:45","175.5"
"2018-09-07 15:00","166.42"
"2018-09-07 15:15","167.0"
"2018-09-07 15:30","169.16"
"2018-09-07 15:45","165.75"
"2018-09-07 16:00","166.68"
"2018-09-07 16:15","161.23"
"2018-09-07 16:30","164.22"
"2018-09-07 16:45","162.24"
"2018-09-07 17:00","157.3"
"2018-09-07 17:15","159.6"
"2018-09-07 17:30","163.21"
"2018-09-07 17:45","155.82"
"2018-09-07 18:00","152.5"
"2018-09-07 18:15","158.29"
"2018-09-07 18:30","158.46"
"2018-09-07 18:45","154.82"
"2018-09-07 19:00","154.75"
"2018-09-07 19:15","155.63"
"2018-09-07 19:30","142.73"
"2018-09-07 19:45","142.81"
"2018-09-07 20:00","138.02"
"2018-09-07 20:15","138.13"
"2018-09-07 20:30","130.96"
"2018-09-07 20:45","120.58"
"2018-09-07 21:00","117.96"
"2018-09-07 21:15","111.77"
"2018-09-07 21:30","113.16"
"2018-09-07 21:45","108.89"
"2018-09-07 22:00","94.89"
"2018-09-07 22:15","72.58"
"2018-09-07 22:30","64.66"
"2018-09-07 22:45","59.4"
"2018-09-07 23:00","56.12"
"2018-09-07 23:15","53.63"
"2018-09-07 23:30","53.48"
"2018-09-07 23:45","52.38"
"2018-09-08 00:00","57.35"
"2018-09-08 00:15","55.68"
"2018-09-08 00:30","55.26"
"2018-09-08 00:45","56.11"
"2018-09-08 01:00","57.15"
"2018-09-08 01:15","59.21"
"2018-09-08 01:30","54.53"
"2018-09-08 01:45","56.18"
"2018-09-08 02:00","56.25"
"2018-09-08 02:15","55.21"
"2018-09-08 02:30","54.97"
"2018-09-08 02:45","56.74"
"2018-09-08 03:00","55.67"
"2018-09-08 03:15","56.28"
"2018-09-08 03:30","55.21"
"2018-09-08 03:45","57.05"
"2018-09-08 04:00","57.15"
"2018-09-08 04:15","55.38"
"2018-09-08 04:30","57.0"
"2018-09-08 04:45","65.54"
"2018-09-08 05:00","108.18"
"2018-09-08 05:15","114.91"
"2018-09-08 05:30","114.84"
"2018-09-08 05:45","116.69"
"2018-09-08 06:00","114.03"
"2018-09-08 06:15","120.21"
"2018-09-08 06:30","125.27"
"2018-09-08 06:45","126.21"
"2018-09-08 07:00","125.33"
"2018-09-08 07:15","124.73"
"2018-09-08 07:30","121.3"
"2018-09-08 07:45","124.97"
"2018-09-08 08:00","129.5"
"2018-09-08 08:15","131.38"
"2018-09-08 08:30","131.13"
"2018-09-08 08:45","135.78"
"2018-09-08 09:00","143.14"
"2018-09-08 09:15","143.59"
"2018-09-08 09:30","143.14"
"2018-09-08 09:45","142.34"
"2018-09-08 10:00","137.61"
"2018-09-08 10:15","136.58"
"2018-09-08 10:30","138.14"
"2018-09-08 10:45","142.27"
"2018-09-08 11:00","141.75"
"2018-09-08 11:15","150.53"
"2018-09-08 11:30","134.57"
"2018-09-08 11:45","142.5"
"2018-09-08 12:00","143.8"
"2018-09-08 12:15","143.45"
"2018-09-08 12:30","138.39"
"2018-09-08 12:45","135.17"
"2018-09-08 13:00","129.81"
"2018-09-08 13:15","122.7"
"2018-09-08 13:30","118.79"
"2018-09-08 13:45","112.56"
"2018-09-08 14:00","113.16"
"2018-09-08 14:15","109.35"
"2018-09-08 14:30","112.04"
"2018-09-08 14:45","112.62"
"2018-09-08 15:00","109.57"
"2018-09-08 15:15","111.5"
"2018-09-08 15:30","112.07"
"2018-09-08 15:45","109.54"
"2018-09-08 16:00","105.57"
"2018-09-08 16:15","91.44"
"2018-09-08 16:30","95.57"
"2018-09-08 16:45","87.17"
"2018-09-08 17:00","88.07"
"2018-09-08 17:15","85.25"
"2018-09-08 17:30","83.35"
"2018-09-08 17:45","80.76"
"2018-09-08 18:00","80.93"
"2018-09-08 18:15","78.32"
"2018-09-08 18:30","85.63"
"2018-09-08 18:45","81.8"
"2018-09-08 19:00","80.05"
"2018-09-08 19:15","78.81"
"2018-09-08 19:30","79.08"
"2018-09-08 19:45","76.36"
"2018-09-08 20:00","76.27"
"2018-09-08 20:15","63.09"
"2018-09-08 20:30","51.18"
"2018-09-08 20:45","49.73"
"2018-09-08 21:00","46.83"
"2018-09-08 21:15","43.29"
"2018-09-08 21:30","43.01"
"2018-09-08 21:45","42.12"
"2018-09-08 22:00","43.73"
"2018-09-08 22:15","43.68"
"2018-09-08 22:30","42.12"
"2018-09-08 22:45","42.02"
"2018-09-08 23:00","41.73"
"2018-09-08 23:15","42.95"
"2018-09-08 23:30","42.08"
"2018-09-08 23:45","41.32"
"2018-09-09 00:00","43.32"
"2018-09-09 00:15","42.83"
"2018-09-09 00:30","43.49"
"2018-09-09 00:45","40.68"
"2018-09-09 01:00","40.23"
"2018-09-09 01:15","39.57"
"2018-09-09 01:30","40.92"
"2018-09-09 01:45","39.68"
"2018-09-09 02:00","39.11"
"2018-09-09 02:15","39.74"
"2018-09-09 02:30","39.62"
"2018-09-09 02:45","40.57"
"2018-09-09 03:00","39.49"
"2018-09-09 03:15","40.21"
"2018-09-09 03:30","40.0"
"2018-09-09 03:45","38.75"
"2018-09-09 04:00","39.79"
"2018-09-09 04:15","40.51"
"2018-09-09 04:30","39.63"
"2018-09-09 04:45","40.03"
"2018-09-09 05:00","40.39"
"2018-09-09 05:15","40.59"
"2018-09-09 05:30","39.85"
"2018-09-09 05:45","39.33"
"2018-09-09 06:00","40.31"
"2018-09-09 06:15","40.17"
"2018-09-09 06:30","40.34"
"2018-09-09 06:45","39.55"
"2018-09-09 07:00","40.04"
"2018-09-09 07:15","38.51"
"2018-09-09 07:30","36.61"
"2018-09-09 07:45","36.95"
"2018-09-09 08:00","36.74"
"2018-09-09 08:15","36.02"
"2018-09-09 08:30","36.11"
"2018-09-09 08:45","36.82"
"2018-09-09 09:00","38.31"
"2018-09-09 09:15","40.18"
"2018-09-09 09:30","38.42"
"2018-09-09 09:45","37.45"
"2018-09-09 10:00","36.83"
"2018-09-09 10:15","42.8"
"2018-09-09 10:30","42.04"
"2018-09-09 10:45","45.91"
"2018-09-09 11:00","44.52"
"2018-09-09 11:15","46.29"
"2018-09-09 11:30","50.37"
"2018-09-09 11:45","43.2"
"2018-09-09 12:00","44.3"
"2018-09-09 12:15","43.92"
"2018-09-09 12:30","48.72"
"2018-09-09 12:45","43.67"
"2018-09-09 13:00","47.1"
"2018-09-09 13:15","46.35"
"2018-09-09 13:30","47.98"
"2018-09-09 13:45","47.63"
"2018-09-09 14:00","45.59"
"2018-09-09 14:15","45.95"
"2018-09-09 14:30","48.02"
"2018-09-09 14:45","48.09"
"2018-09-09 15:00","49.88"
"2018-09-09 15:15","47.64"
"2018-09-09 15:30","51.81"
"2018-09-09 15:45","54.93"
"2018-09-09 16:00","47.21"
"2018-09-09 16:15","47.13"
"2018-09-09 16:30","43.76"
"2018-09-09 16:45","44.66"
"2018-09-09 17:00","45.81"
"2018-09-09 17:15","45.36"
"2018-09-09 17:30","45.28"
"2018-09-09 17:45","48.03"
"2018-09-09 18:00","44.56"
"2018-09-09 18:15","48.98"
"2018-09-09 18:30","46.63"
"2018-09-09 18:45","46.22"
"2018-09-09 19:00","44.69"
"2018-09-09 19:15","44.94"
"2018-09-09 19:30","44.33"
"2018-09-09 19:45","46.62"
"2018-09-09 20:00","45.25"
"2018-09-09 20:15","45.39"
"2018-09-09 20:30","46.47"
"2018-09-09 20:45","47.86"
"2018-09-09 21:00","48.18"
"2018-09-09 21:15","47.52"
"2018-09-09 21:30","46.18"
"2018-09-09 21:45","46.69"
"2018-09-09 22:00","45.82"
"2018-09-09 22:15","46.41"
"2018-09-09 22:30","46.46"
"2018-09-09 22:45","46.27"
"2018-09-09 23:00","45.84"
"2018-09-09 23:15","44.99"
"2018-09-09 23:30","46.38"
"2018-09-09 23:45","44.47"
"2018-09-10 00:00","44.59"
"2018-09-10 00:15","45.82"
"2018-09-10 00:30","46.79"
"2018-09-10 00:45","46.96"
"2018-09-10 01:00","45.31"
"2018-09-10 01:15","45.36"
"2018-09-10 01:30","45.9"
"2018-09-10 01:45","45.61"
"2018-09-10 02:00","45.75"
"2018-09-10 02:15","44.9"
"2018-09-10 02:30","44.98"
"2018-09-10 02:45","45.24"
"2018-09-10 03:00","45.63"
"2018-09-10 03:15","46.01"
"2018-09-10 03:30","46.79"
"2018-09-10 03:45","46.57"
"2018-09-10 04:00","45.58"
"2018-09-10 04:15","45.09"
"2018-09-10 04:30","47.86"
"2018-09-10 04:45","74.55"
"2018-09-10 05:00","108.9"
"2018-09-10 05:15","106.72"
"2018-09-10 05:30","107.54"
"2018-09-10 05:45","109.01"
"2018-09-10 06:00","115.82"
"2018-09-10 06:15","121.52"
"2018-09-10 06:30","138.43"
"2018-09-10 06:45","147.92"
"2018-09-10 07:00","149.5"
"2018-09-10 07:15","153.43"
"2018-09-10 07:30","159.6"
"2018-09-10 07:45","148.34"
"2018-09-10 08:00","141.06"
"2018-09-10 08:15","145.65"
"2018-09-10 08:30","145.92"
"2018-09-10 08:45","148.61"
"2018-09-10 09:00","147.07"
"2018-09-10 09:15","150.2"
"2018-09-10 09:30","153.1"
"2018-09-10 09:45","154.5"
"2018-09-10 10:00","163.53"
"2018-09-10 10:15","180.17"
"2018-09-10 10:30","173.64"
"2018-09-10 10:45","180.68"
"2018-09-10 11:00","177.41"
"2018-09-10 11:15","180.3"
"2018-09-10 11:30","185.13"
"2018-09-10 11:45","186.98"
"2018-09-10 12:00","189.41"
"2018-09-10 12:15","182.98"
"2018-09-10 12:30","184.46"
"2018-09-10 12:45","186.69"
"2018-09-10 13:00","186.26"
"2018-09-10 13:15","180.81"
"2018-09-10 13:30","186.32"
"2018-09-10 13:45","184.75"
"2018-09-10 14:00","176.69"
"2018-09-10 14:15","181.7"
"2018-09-10 14:30","182.51"
"2018-09-10 14:45","172.32"
"2018-09-10 15:00","181.53"
"2018-09-10 15:15","185.48"
"2018-09-10 15:30","172.85"
"2018-09-10 15:45","169.06"
"2018-09-10 16:00","168.99"
"2018-09-10 16:15","168.16"
"2018-09-10 16:30","161.62"
"2018-09-10 16:45","157.21"
"2018-09-10 17:00","158.02"
"2018-09-10 17:15","155.51"
"2018-09-10 17:30","156.51"
"2018-09-10 17:45","162.38"
"2018-09-10 18:00","163.81"
"2018-09-10 18:15","162.17"
"2018-09-10 18:30","163.98"
"2018-09-10 18:45","158.18"
"2018-09-10 19:00","146.8"
"2018-09-10 19:15","147.32"
"2018-09-10 19:30","159.99"
"2018-09-10 19:45","156.68"
"2018-09-10 20:00","157.24"
"2018-09-10 20:15","156.9"
"2018-09-10 20:30","150.65"
"2018-09-10 20:45","151.1"
"2018-09-10 21:00","145.46"
"2018-09-10 21:15","142.51"
"2018-09-10 21:30","140.82"
"2018-09-10 21:45","135.04"
"2018-09-10 22:00","128.85"
"2018-09-10 22:15","99.63"
"2018-09-10 22:30","86.75"
"2018-09-10 22:45","74.92"
"2018-09-10 23:00","62.62"
"2018-09-10 23:15","59.53"
"2018-09-10 23:30","57.92"
"2018-09-10 23:45","57.55"
"2018-09-11 00:00","57.21"
"2018-09-11 00:15","63.45"
"2018-09-11 00:30","58.1"
"2018-09-11 00:45","57.86"
"2018-09-11 01:00","61.42"
"2018-09-11 01:15","61.03"
"2018-09-11 01:30","57.64"
"2018-09-11 01:45","55.53"
"2018-09-11 02:00","56.61"
"2018-09-11 02:15","61.85"
"2018-09-11 02:30","56.97"
"2018-09-11 02:45","58.13"
"2018-09-11 03:00","57.39"
"2018-09-11 03:15","59.86"
"2018-09-11 03:30","58.99"
"2018-09-11 03:45","56.92"
"2018-09-11 04:00","54.33"
"2018-09-11 04:15","53.09"
"2018-09-11 04:30","58.6"
"2018-09-11 04:45","55.04"
"2018-09-11 05:00","65.17"
"2018-09-11 05:15","96.25"
"2018-09-11 05:30","108.39"
"2018-09-11 05:45","107.68"
"2018-09-11 06:00","110.91"
"2018-09-11 06:15","116.4"
"2018-09-11 06:30","131.78"
"2018-09-11 06:45","142.24"
"2018-09-11 07:00","154.49"
"2018-09-11 07:15","149.53"
"2018-09-11 07:30","151.75"
"2018-09-11 07:45","152.82"
"2018-09-11 08:00","153.61"
"2018-09-11 08:15","155.55"
"2018-09-11 08:30","167.16"
"2018-09-11 08:45","171.11"
"2018-09-11 09:00","173.71"
"2018-09-11 09:15","170.45"
"2018-09-11 09:30","174.08"
"2018-09-11 09:45","162.92"
"2018-09-11 10:00","157.07"
"2018-09-11 10:15","160.23"
"2018-09-11 10:30","166.03"
"2018-09-11 10:45","178.35"
"2018-09-11 11:00","178.23"
"2018-09-11 11:15","180.14"
"2018-09-11 11:30","174.17"
"2018-09-11 11:45","172.63"
"2018-09-11 12:00","182.45"
"2018-09-11 12:15","175.31"
"2018-09-11 12:30","174.9"
"2018-09-11 12:45","175.88"
"2018-09-11 13:00","168.05"
"2018-09-11 13:15","166.39"
"2018-09-11 13:30","163.25"
"2018-09-11 13:45","164.5"
"2018-09-11 14:00","160.56"
"2018-09-11 14:15","165.78"
"2018-09-11 14:30","156.68"
"2018-09-11 14:45","155.41"
"2018-09-11 15:00","160.2"
"2018-09-11 15:15","158.3"
"2018-09-11 15:30","147.27"
"2018-09-11 15:45","154.69"
"2018-09-11 16:00","151.94"
"2018-09-11 16:15","147.91"
"2018-09-11 16:30","146.91"
"2018-09-11 16:45","143.64"
"2018-09-11 17:00","142.74"
"2018-09-11 17:15","143.52"
"2018-09-11 17:30","145.08"
"2018-09-11 17:45","151.09"
"2018-09-11 18:00","152.03"
"2018-09-11 18:15","154.67"
"2018-09-11 18:30","164.17"
"2018-09-11 18:45","160.36"
"2018-09-11 19:00","170.76"
"2018-09-11 19:15","170.85"
"2018-09-11 19:30","165.84"
"2018-09-11 19:45","170.42"
"2018-09-11 20:00","171.38"
"2018-09-11 20:15","163.61"
"2018-09-11 20:30","150.6"
"2018-09-11 20:45","150.12"
"2018-09-11 21:00","154.6"
"2018-09-11 21:15","157.94"
"2018-09-11 21:30","147.64"
"2018-09-11 21:45","142.41"
"2018-09-11 22:00","132.78"
"2018-09-11 22:15","114.83"
"2018-09-11 22:30","89.93"
"2018-09-11 22:45","86.54"
"2018-09-11 23:00","76.58"
"2018-09-11 23:15","66.87"
"2018-09-11 23:30","62.98"
"2018-09-11 23:45","64.03"
"2018-09-12 00:00","61.81"
"2018-09-12 00:15","62.69"
"2018-09-12 00:30","63.72"
"2018-09-12 00:45","69.88"
"2018-09-12 01:00","68.92"
"2018-09-12 01:15","66.74"
"2018-09-12 01:30","60.44"
"2018-09-12 01:45","62.17"
"2018-09-12 02:00","63.9"
"2018-09-12 02:15","64.57"
"2018-09-12 02:30","68.02"
"2018-09-12 02:45","62.8"
"2018-09-12 03:00","63.67"
"2018-09-12 03:15","64.04"
"2018-09-12 03:30","64.51"
"2018-09-12 03:45","63.28"
"2018-09-12 04:00","66.9"
"2018-09-12 04:15","66.06"
"2018-09-12 04:30","68.32"
"2018-09-12 04:45","71.87"
"2018-09-12 05:00","117.41"
"2018-09-12 05:15","118.6"
"2018-09-12 05:30","122.18"
"2018-09-12 05:45","119.48"
"2018-09-12 06:00","125.92"
"2018-09-12 06:15","132.88"
"2018-09-12 06:30","146.41"
"2018-09-12 06:45","149.62"
"2018-09-12 07:00","156.9"
"2018-09-12 07:15","157.56"
"2018-09-12 07:30","159.16"
"2018-09-12 07:45","165.69"
"2018-09-12 08:00","170.59"
"2018-09-12 08:15","165.52"
"2018-09-12 08:30","135.15"
"2018-09-12 08:45","164.73"
"2018-09-12 09:00","171.7"
"2018-09-12 09:15","171.9"
"2018-09-12 09:30","162.33"
"2018-09-12 09:45","167.18"
"2018-09-12 10:00","173.7"
"2018-09-12 10:15","189.34"
"2018-09-12 10:30","185.23"
"2018-09-12 10:45","183.85"
"2018-09-12 11:00","182.55"
"2018-09-12 11:15","190.7"
"2018-09-12 11:30","187.71"
"2018-09-12 11:45","177.25"
"2018-09-12 12:00","194.87"
"2018-09-12 12:15","193.29"
"2018-09-12 12:30","192.26"
"2018-09-12 12:45","190.1"
"2018-09-12 13:00","190.55"
"2018-09-12 13:15","191.54"
"2018-09-12 13:30","191.02"
"2018-09-12 13:45","190.43"
"2018-09-12 14:00","192.63"
"2018-09-12 14:15","187.17"
"2018-09-12 14:30","187.31"
"2018-09-12 14:45","191.65"
"2018-09-12 15:00","193.47"
"2018-09-12 15:15","193.33"
"2018-09-12 15:30","194.22"
"2018-09-12 15:45","197.74"
"2018-09-12 16:00","198.17"
"2018-09-12 16:15","201.4"
"2018-09-12 16:30","204.27"
"2018-09-12 16:45","194.04"
"2018-09-12 17:00","195.62"
"2018-09-12 17:15","186.49"
"2018-09-12 17:30","185.81"
"2018-09-12 17:45","187.97"
"2018-09-12 18:00","172.09"
"2018-09-12 18:15","174.07"
"2018-09-12 18:30","178.39"
"2018-09-12 18:45","177.44"
"2018-09-12 19:00","181.2"
"2018-09-12 19:15","171.6"
"2018-09-12 19:30","169.1"
"2018-09-12 19:45","169.26"
"2018-09-12 20:00","165.15"
"2018-09-12 20:15","165.54"
"2018-09-12 20:30","166.85"
"2018-09-12 20:45","159.46"
"2018-09-12 21:00","167.09"
"2018-09-12 21:15","159.29"
"2018-09-12 21:30","161.12"
"2018-09-12 21:45","156.4"
"2018-09-12 22:00","127.74"
"2018-09-12 22:15","106.45"
"2018-09-12 22:30","109.18"
"2018-09-12 22:45","99.55"
"2018-09-12 23:00","75.83"
"2018-09-12 23:15","72.01"
"2018-09-12 23:30","71.03"
"2018-09-12 23:45","80.07"
"2018-09-13 00:00","75.2"
"2018-09-13 00:15","65.36"
"2018-09-13 00:30","62.18"
"2018-09-13 00:45","64.69"
"2018-09-13 01:00","68.68"
"2018-09-13 01:15","67.68"
"2018-09-13 01:30","64.96"
"2018-09-13 01:45","62.23"
"2018-09-13 02:00","63.01"
"2018-09-13 02:15","63.25"
"2018-09-13 02:30","59.42"
"2018-09-13 02:45","62.93"
"2018-09-13 03:00","67.06"
"2018-09-13 03:15","62.02"
"2018-09-13 03:30","61.25"
"2018-09-13 03:45","55.84"
"2018-09-13 04:00","62.59"
"2018-09-13 04:15","65.98"
"2018-09-13 04:30","66.08"
"2018-09-13 04:45","65.06"
"2018-09-13 05:00","64.06"
"2018-09-13 05:15","85.03"
"2018-09-13 05:30","88.5"
"2018-09-13 05:45","112.98"
"2018-09-13 06:00","119.11"
"2018-09-13 06:15","127.41"
"2018-09-13 06:30","138.99"
"2018-09-13 06:45","159.76"
"2018-09-13 07:00","169.4"
"2018-09-13 07:15","168.81"
"2018-09-13 07:30","164.66"
"2018-09-13 07:45","169.04"
"2018-09-13 08:00","166.25"
"2018-09-13 08:15","163.01"
"2018-09-13 08:30","172.61"
"2018-09-13 08:45","171.74"
"2018-09-13 09:00","175.22"
"2018-09-13 09:15","172.79"
"2018-09-13 09:30","171.41"
"2018-09-13 09:45","178.76"
"2018-09-13 10:00","172.52"
"2018-09-13 10:15","163.22"
"2018-09-13 10:30","171.76"
"2018-09-13 10:45","174.38"
"2018-09-13 11:00","175.29"
"2018-09-13 11:15","176.99"
"2018-09-13 11:30","182.88"
"2018-09-13 11:45","184.93"
"2018-09-13 12:00","190.6"
"2018-09-13 12:15","189.24"
"2018-09-13 12:30","188.65"
"2018-09-13 12:45","188.59"
"2018-09-13 13:00","192.09"
"2018-09-13 13:15","189.36"
"2018-09-13 13:30","191.41"
"2018-09-13 13:45","199.53"
"2018-09-13 14:00","189.77"
"2018-09-13 14:15","180.99"
"2018-09-13 14:30","189.35"
"2018-09-13 14:45","184.32"
"2018-09-13 15:00","189.85"
"2018-09-13 15:15","193.31"
"2018-09-13 15:30","189.41"
"2018-09-13 15:45","174.29"
"2018-09-13 16:00","171.31"
"2018-09-13 16:15","168.31"
"2018-09-13 16:30","173.39"
"2018-09-13 16:45","169.26"
"2018-09-13 17:00","171.59"
"2018-09-13 17:15","175.28"
"2018-09-13 17:30","180.89"
"2018-09-13 17:45","177.6"
"2018-09-13 18:00","180.78"
"2018-09-13 18:15","174.81"
"2018-09-13 18:30","179.65"
"2018-09-13 18:45","168.72"
"2018-09-13 19:00","171.06"
"2018-09-13 19:15","185.9"
"2018-09-13 19:30","173.73"
"2018-09-13 19:45","173.89"
"2018-09-13 20:00","162.37"
"2018-09-13 20:15","163.59"
"2018-09-13 20:30","162.51"
"2018-09-13 20:45","161.51"
"2018-09-13 21:00","156.6"
"2018-09-13 21:15","156.47"
"2018-09-13 21:30","147.71"
"2018-09-13 21:45","147.55"
"2018-09-13 22:00","146.7"
"2018-09-13 22:15","108.69"
"2018-09-13 22:30","96.54"
"2018-09-13 22:45","93.47"
"2018-09-13 23:00","83.32"
"2018-09-13 23:15","83.27"
"2018-09-13 23:30","82.42"
"2018-09-13 23:45","78.59"
"2018-09-14 00:00","77.76"
"2018-09-14 00:15","75.37"
"2018-09-14 00:30","68.95"
"2018-09-14 00:45","68.75"
"2018-09-14 01:00","65.74"
"2018-09-14 01:15","64.94"
"2018-09-14 01:30","66.04"
"2018-09-14 01:45","64.99"
"2018-09-14 02:00","67.56"
"2018-09-14 02:15","65.8"
"2018-09-14 02:30","64.26"
"2018-09-14 02:45","68.77"
"2018-09-14 03:00","65.15"
"2018-09-14 03:15","64.99"
"2018-09-14 03:30","67.78"
"2018-09-14 03:45","64.97"
"2018-09-14 04:00","65.1"
"2018-09-14 04:15","66.03"
"2018-09-14 04:30","67.5"
"2018-09-14 04:45","110.95"
"2018-09-14 05:00","123.49"
"2018-09-14 05:15","121.73"
"2018-09-14 05:30","123.8"
"2018-09-14 05:45","124.09"
"2018-09-14 06:00","125.26"
"2018-09-14 06:15","130.71"
"2018-09-14 06:30","145.23"
"2018-09-14 06:45","156.62"
"2018-09-14 07:00","162.86"
"2018-09-14 07:15","164.89"
"2018-09-14 07:30","164.51"
"2018-09-14 07:45","167.12"
"2018-09-14 08:00","170.26"
"2018-09-14 08:15","175.51"
"2018-09-14 08:30","180.51"
"2018-09-14 08:45","173.73"
"2018-09-14 09:00","177.51"
"2018-09-14 09:15","179.7"
"2018-09-14 09:30","169.55"
"2018-09-14 09:45","171.04"
"2018-09-14 10:00","168.1"
"2018-09-14 10:15","171.82"
"2018-09-14 10:30","173.23"
"2018-09-14 10:45","173.5"
"2018-09-14 11:00","178.78"
"2018-09-14 11:15","184.06"
"2018-09-14 11:30","177.01"
"2018-09-14 11:45","182.42"
"2018-09-14 12:00","179.73"
"2018-09-14 12:15","179.21"
"2018-09-14 12:30","178.96"
"2018-09-14 12:45","183.4"
"2018-09-14 13:00","177.53"
"2018-09-14 13:15","189.71"
"2018-09-14 13:30","178.57"
"2018-09-14 13:45","180.97"
"2018-09-14 14:00","178.39"
"2018-09-14 14:15","191.6"
"2018-09-14 14:30","185.72"
"2018-09-14 14:45","177.75"
"2018-09-14 15:00","181.12"
"2018-09-14 15:15","176.15"
"2018-09-14 15:30","184.99"
"2018-09-14 15:45","170.01"
"2018-09-14 16:00","169.25"
"2018-09-14 16:15","163.05"
"2018-09-14 16:30","168.59"
"2018-09-14 16:45","163.82"
"2018-09-14 17:00","164.06"
"2018-09-14 17:15","158.85"
"2018-09-14 17:30","165.57"
"2018-09-14 17:45","160.55"
"2018-09-14 18:00","153.78"
"2018-09-14 18:15","158.24"
"2018-09-14 18:30","143.84"
"2018-09-14 18:45","149.85"
"2018-09-14 19:00","151.43"
"2018-09-14 19:15","153.54"
"2018-09-14 19:30","151.27"
"2018-09-14 19:45","146.08"
"2018-09-14 20:00","151.35"
"2018-09-14 20:15","148.31"
"2018-09-14 20:30","135.54"
"2018-09-14 20:45","128.31"
"2018-09-14 21:00","125.17"
"2018-09-14 21:15","122.3"
"2018-09-14 21:30","120.96"
"2018-09-14 21:45","122.61"
"2018-09-14 22:00","92.89"
"2018-09-14 22:15","75.29"
"2018-09-14 22:30","66.14"
"2018-09-14 22:45","58.77"
"2018-09-14 23:00","61.33"
"2018-09-14 23:15","57.94"
"2018-09-14 23:30","54.9"
"2018-09-14 23:45","53.61"
"2018-09-15 00:00","54.03"
"2018-09-15 00:15","53.37"
"2018-09-15 00:30","53.38"
"2018-09-15 00:45","52.8"
"2018-09-15 01:00","54.49"
"2018-09-15 01:15","54.15"
"2018-09-15 01:30","51.32"
"2018-09-15 01:45","52.75"
"2018-09-15 02:00","53.62"
"2018-09-15 02:15","51.91"
"2018-09-15 02:30","52.92"
"2018-09-15 02:45","51.87"
"2018-09-15 03:00","54.6"
"2018-09-15 03:15","55.44"
"2018-09-15 03:30","52.12"
"2018-09-15 03:45","53.1"
"2018-09-15 04:00","53.05"
"2018-09-15 04:15","53.51"
"2018-09-15 04:30","51.95"
"2018-09-15 04:45","54.83"
"2018-09-15 05:00","67.04"
"2018-09-15 05:15","107.6"
"2018-09-15 05:30","104.04"
"2018-09-15 05:45","104.62"
"2018-09-15 06:00","108.66"
"2018-09-15 06:15","111.81"
"2018-09-15 06:30","111.47"
"2018-09-15 06:45","115.96"
"2018-09-15 07:00","114.65"
"2018-09-15 07:15","115.49"
"2018-09-15 07:30","114.26"
"2018-09-15 07:45","118.17"
"2018-09-15 08:00","117.17"
"2018-09-15 08:15","115.91"
"2018-09-15 08:30","117.59"
"2018-09-15 08:45","124.49"
"2018-09-15 09:00","124.33"
"2018-09-15 09:15","123.54"
"2018-09-15 09:30","130.9"
"2018-09-15 09:45","125.63"
"2018-09-15 10:00","128.62"
"2018-09-15 10:15","127.07"
"2018-09-15 10:30","132.55"
"2018-09-15 10:45","146.58"
"2018-09-15 11:00","146.58"
"2018-09-15 11:15","146.32"
"2018-09-15 11:30","148.84"
"2018-09-15 11:45","152.61"
"2018-09-15 12:00","145.54"
"2018-09-15 12:15","143.31"
"2018-09-15 12:30","142.6"
"2018-09-15 12:45","139.25"
"2018-09-15 13:00","146.23"
"2018-09-15 13:15","144.37"
"2018-09-15 13:30","139.67"
"2018-09-15 13:45","131.45"
"2018-09-15 14:00","131.16"
"2018-09-15 14:15","122.63"
"2018-09-15 14:30","121.17"
"2018-09-15 14:45","117.83"
"2018-09-15 15:00","115.96"
"2018-09-15 15:15","113.12"
"2018-09-15 15:30","115.44"
"2018-09-15 15:45","99.72"
"2018-09-15 16:00","77.52"
"2018-09-15 16:15","76.92"
"2018-09-15 16:30","75.14"
"2018-09-15 16:45","66.39"
"2018-09-15 17:00","60.96"
"2018-09-15 17:15","56.59"
"2018-09-15 17:30","53.61"
"2018-09-15 17:45","49.95"
"2018-09-15 18:00","48.9"
"2018-09-15 18:15","51.41"
"2018-09-15 18:30","51.13"
"2018-09-15 18:45","51.11"
"2018-09-15 19:00","47.32"
"2018-09-15 19:15","50.69"
"2018-09-15 19:30","50.52"
"2018-09-15 19:45","55.25"
"2018-09-15 20:00","70.97"
"2018-09-15 20:15","53.56"
"2018-09-15 20:30","49.35"
"2018-09-15 20:45","49.76"
"2018-09-15 21:00","48.97"
"2018-09-15 21:15","48.74"
"2018-09-15 21:30","50.84"
"2018-09-15 21:45","48.3"
"2018-09-15 22:00","48.3"
"2018-09-15 22:15","52.48"
"2018-09-15 22:30","49.46"
"2018-09-15 22:45","46.46"
"2018-09-15 23:00","47.21"
"2018-09-15 23:15","46.77"
"2018-09-15 23:30","48.07"
"2018-09-15 23:45","44.84"
"2018-09-16 00:00","49.65"
"2018-09-16 00:15","47.65"
"2018-09-16 00:30","46.73"
"2018-09-16 00:45","48.58"
"2018-09-16 01:00","49.51"
"2018-09-16 01:15","47.29"
"2018-09-16 01:30","45.06"
"2018-09-16 01:45","46.37"
"2018-09-16 02:00","46.4"
"2018-09-16 02:15","48.09"
"2018-09-16 02:30","45.29"
"2018-09-16 02:45","45.34"
"2018-09-16 03:00","47.39"
"2018-09-16 03:15","46.06"
"2018-09-16 03:30","45.0"
"2018-09-16 03:45","47.68"
"2018-09-16 04:00","46.8"
"2018-09-16 04:15","44.87"
"2018-09-16 04:30","46.53"
"2018-09-16 04:45","47.32"
"2018-09-16 05:00","46.48"
"2018-09-16 05:15","46.5"
"2018-09-16 05:30","45.29"
"2018-09-16 05:45","47.88"
"2018-09-16 06:00","46.82"
"2018-09-16 06:15","44.15"
"2018-09-16 06:30","48.93"
"2018-09-16 06:45","47.2"
"2018-09-16 07:00","46.36"
"2018-09-16 07:15","45.69"
"2018-09-16 07:30","44.5"
"2018-09-16 07:45","44.08"
"2018-09-16 08:00","44.01"
"2018-09-16 08:15","43.68"
"2018-09-16 08:30","44.16"
"2018-09-16 08:45","44.91"
"2018-09-16 09:00","42.05"
"2018-09-16 09:15","44.07"
"2018-09-16 09:30","43.81"
"2018-09-16 09:45","42.04"
"2018-09-16 10:00","42.67"
"2018-09-16 10:15","43.72"
"2018-09-16 10:30","43.04"
"2018-09-16 10:45","47.1"
"2018-09-16 11:00","41.76"
"2018-09-16 11:15","44.29"
"2018-09-16 11:30","47.8"
"2018-09-16 11:45","46.55"
"2018-09-16 12:00","44.74"
"2018-09-16 12:15","48.27"
"2018-09-16 12:30","46.31"
"2018-09-16 12:45","50.12"
"2018-09-16 13:00","51.13"
"2018-09-16 13:15","49.64"
"2018-09-16 13:30","52.56"
"2018-09-16 13:45","47.35"
"2018-09-16 14:00","48.7"
"2018-09-16 14:15","49.22"
"2018-09-16 14:30","47.22"
"2018-09-16 14:45","44.58"
"2018-09-16 15:00","46.94"
"2018-09-16 15:15","44.38"
"2018-09-16 15:30","46.58"
"2018-09-16 15:45","44.14"
"2018-09-16 16:00","43.43"
"2018-09-16 16:15","45.12"
"2018-09-16 16:30","42.97"
"2018-09-16 16:45","43.33"
"2018-09-16 17:00","44.25"
"2018-09-16 17:15","43.93"
"2018-09-16 17:30","43.84"
"2018-09-16 17:45","42.89"
"2018-09-16 18:00","43.56"
"2018-09-16 18:15","42.86"
"2018-09-16 18:30","44.35"
"2018-09-16 18:45","42.97"
"2018-09-16 19:00","45.49"
"2018-09-16 19:15","45.11"
"2018-09-16 19:30","42.35"
"2018-09-16 19:45","45.54"
"2018-09-16 20:00","46.81"
"2018-09-16 20:15","48.02"
"2018-09-16 20:30","47.76"
"2018-09-16 20:45","47.06"
"2018-09-16 21:00","46.68"
"2018-09-16 21:15","51.21"
"2018-09-16 21:30","46.09"
"2018-09-16 21:45","46.9"
"2018-09-16 22:00","48.45"
"2018-09-16 22:15","47.66"
"2018-09-16 22:30","44.96"
"2018-09-16 22:45","47.95"
"2018-09-16 23:00","46.41"
"2018-09-16 23:15","47.72"
"2018-09-16 23:30","45.69"
"2018-09-16 23:45","47.29"
"2018-09-17 00:00","48.29"
"2018-09-17 00:15","47.39"
"2018-09-17 00:30","45.94"
"2018-09-17 00:45","48.76"
"2018-09-17 01:00","47.98"
"2018-09-17 01:15","45.43"
"2018-09-17 01:30","47.82"
"2018-09-17 01:45","48.37"
"2018-09-17 02:00","47.3"
"2018-09-17 02:15","46.24"
"2018-09-17 02:30","46.1"
"2018-09-17 02:45","47.75"
"2018-09-17 03:00","46.13"
"2018-09-17 03:15","44.55"
"2018-09-17 03:30","48.02"
"2018-09-17 03:45","47.43"
"2018-09-17 04:00","45.39"
"2018-09-17 04:15","46.6"
"2018-09-17 04:30","47.64"
"2018-09-17 04:45","47.49"
"2018-09-17 05:00","49.7"
"2018-09-17 05:15","63.47"
"2018-09-17 05:30","105.29"
"2018-09-17 05:45","105.27"
"2018-09-17 06:00","104.78"
"2018-09-17 06:15","110.52"
"2018-09-17 06:30","126.4"
"2018-09-17 06:45","134.74"
"2018-09-17 07:00","138.15"
"2018-09-17 07:15","145.26"
"2018-09-17 07:30","142.8"
"2018-09-17 07:45","138.36"
"2018-09-17 08:00","136.2"
"2018-09-17 08:15","142.27"
"2018-09-17 08:30","139.69"
"2018-09-17 08:45","142.22"
"2018-09-17 09:00","145.26"
"2018-09-17 09:15","149.94"
"2018-09-17 09:30","151.2"
"2018-09-17 09:45","165.68"
"2018-09-17 10:00","164.99"
"2018-09-17 10:15","168.22"
"2018-09-17 10:30","169.29"
"2018-09-17 10:45","171.07"
"2018-09-17 11:00","173.81"
"2018-09-17 11:15","182.26"
"2018-09-17 11:30","178.12"
"2018-09-17 11:45","183.23"
"2018-09-17 12:00","184.73"
"2018-09-17 12:15","180.27"
"2018-09-17 12:30","186.28"
"2018-09-17 12:45","178.61"
"2018-09-17 13:00","178.39"
"2018-09-17 13:15","187.83"
"2018-09-17 13:30","179.83"
"2018-09-17 13:45","178.46"
"2018-09-17 14:00","194.08"
"2018-09-17 14:15","180.41"
"2018-09-17 14:30","179.86"
"2018-09-17 14:45","174.25"
"2018-09-17 15:00","175.36"
"2018-09-17 15:15","173.01"
"2018-09-17 15:30","168.85"
"2018-09-17 15:45","171.86"
"2018-09-17 16:00","169.66"
"2018-09-17 16:15","160.34"
"2018-09-17 16:30","163.4"
"2018-09-17 16:45","150.8"
"2018-09-17 17:00","149.33"
"2018-09-17 17:15","149.63"
"2018-09-17 17:30","144.83"
"2018-09-17 17:45","153.05"
"2018-09-17 18:00","156.27"
"2018-09-17 18:15","157.0"
"2018-09-17 18:30","156.31"
"2018-09-17 18:45","156.39"
"2018-09-17 19:00","148.18"
"2018-09-17 19:15","154.24"
"2018-09-17 19:30","151.63"
"2018-09-17 19:45","154.32"
"2018-09-17 20:00","153.17"
"2018-09-17 20:15","149.76"
"2018-09-17 20:30","145.62"
"2018-09-17 20:45","146.72"
"2018-09-17 21:00","138.6"
"2018-09-17 21:15","135.16"
"2018-09-17 21:30","129.0"
"2018-09-17 21:45","123.81"
"2018-09-17 22:00","116.29"
"2018-09-17 22:15","82.73"
"2018-09-17 22:30","78.97"
"2018-09-17 22:45","73.29"
"2018-09-17 23:00","69.41"
"2018-09-17 23:15","68.2"
"2018-09-17 23:30","66.24"
"2018-09-17 23:45","69.83"
"2018-09-18 00:00","68.63"
"2018-09-18 00:15","65.27"
"2018-09-18 00:30","67.98"
"2018-09-18 00:45","67.5"
"2018-09-18 01:00","66.59"
"2018-09-18 01:15","65.03"
"2018-09-18 01:30","67.95"
"2018-09-18 01:45","65.33"
"2018-09-18 02:00","67.36"
"2018-09-18 02:15","66.29"
"2018-09-18 02:30","68.01"
"2018-09-18 02:45","68.64"
"2018-09-18 03:00","63.46"
"2018-09-18 03:15","64.82"
"2018-09-18 03:30","64.89"
"2018-09-18 03:45","65.48"
"2018-09-18 04:00","61.66"
"2018-09-18 04:15","63.79"
"2018-09-18 04:30","66.06"
"2018-09-18 04:45","85.25"
"2018-09-18 05:00","115.39"
"2018-09-18 05:15","121.25"
"2018-09-18 05:30","123.45"
"2018-09-18 05:45","125.45"
"2018-09-18 06:00","125.97"
"2018-09-18 06:15","130.0"
"2018-09-18 06:30","146.04"
"2018-09-18 06:45","151.54"
"2018-09-18 07:00","155.15"
"2018-09-18 07:15","157.81"
"2018-09-18 07:30","154.78"
"2018-09-18 07:45","157.87"
"2018-09-18 08:00","157.87"
"2018-09-18 08:15","162.29"
"2018-09-18 08:30","164.23"
"2018-09-18 08:45","165.37"
"2018-09-18 09:00","169.72"
"2018-09-18 09:15","159.14"
"2018-09-18 09:30","163.19"
"2018-09-18 09:45","166.07"
"2018-09-18 10:00","163.66"
"2018-09-18 10:15","162.97"
"2018-09-18 10:30","165.74"
"2018-09-18 10:45","161.22"
"2018-09-18 11:00","168.16"
"2018-09-18 11:15","174.08"
"2018-09-18 11:30","171.9"
"2018-09-18 11:45","183.31"
"2018-09-18 12:00","181.8"
"2018-09-18 12:15","185.1"
"2018-09-18 12:30","181.51"
"2018-09-18 12:45","177.8"
"2018-09-18 13:00","177.15"
"2018-09-18 13:15","175.03"
"2018-09-18 13:30","170.34"
"2018-09-18 13:45","173.85"
"2018-09-18 14:00","172.06"
"2018-09-18 14:15","167.48"
"2018-09-18 14:30","165.14"
"2018-09-18 14:45","169.31"
"2018-09-18 15:00","171.21"
"2018-09-18 15:15","170.75"
"2018-09-18 15:30","168.43"
"2018-09-18 15:45","163.42"
"2018-09-18 16:00","165.18"
"2018-09-18 16:15","151.52"
"2018-09-18 16:30","151.8"
"2018-09-18 16:45","154.11"
"2018-09-18 17:00","155.38"
"2018-09-18 17:15","101.64"
"2018-09-18 17:30","158.14"
"2018-09-18 17:45","151.31"
"2018-09-18 18:00","153.77"
"2018-09-18 18:15","155.81"
"2018-09-18 18:30","164.67"
"2018-09-18 18:45","158.82"
"2018-09-18 19:00","151.36"
"2018-09-18 19:15","150.3"
"2018-09-18 19:30","144.66"
"2018-09-18 19:45","151.88"
"2018-09-18 20:00","153.01"
"2018-09-18 20:15","151.65"
"2018-09-18 20:30","148.19"
"2018-09-18 20:45","154.83"
"2018-09-18 21:00","143.24"
"2018-09-18 21:15","139.1"
"2018-09-18 21:30","141.19"
"2018-09-18 21:45","139.82"
"2018-09-18 22:00","113.1"
"2018-09-18 22:15","80.96"
"2018-09-18 22:30","62.67"
"2018-09-18 22:45","59.83"
"2018-09-18 23:00","61.35"
"2018-09-18 23:15","59.73"
"2018-09-18 23:30","61.27"
"2018-09-18 23:45","59.23"
"2018-09-19 00:00","59.09"
"2018-09-19 00:15","58.9"
"2018-09-19 00:30","59.4"
"2018-09-19 00:45","58.59"
"2018-09-19 01:00","58.42"
"2018-09-19 01:15","59.35"
"2018-09-19 01:30","58.1"
"2018-09-19 01:45","58.5"
"2018-09-19 02:00","58.29"
"2018-09-19 02:15","59.53"
"2018-09-19 02:30","60.14"
"2018-09-19 02:45","60.94"
"2018-09-19 03:00","61.02"
"2018-09-19 03:15","59.04"
"2018-09-19 03:30","60.12"
"2018-09-19 03:45","60.53"
"2018-09-19 04:00","61.99"
"2018-09-19 04:15","60.28"
"2018-09-19 04:30","59.82"
"2018-09-19 04:45","62.1"
"2018-09-19 05:00","60.64"
"2018-09-19 05:15","69.42"
"2018-09-19 05:30","71.23"
"2018-09-19 05:45","71.12"
"2018-09-19 06:00","72.91"
"2018-09-19 06:15","72.73"
"2018-09-19 06:30","74.49"
"2018-09-19 06:45","74.8"
"2018-09-19 07:00","77.06"
"2018-09-19 07:15","76.4"
"2018-09-19 07:30","74.73"
"2018-09-19 07:45","74.9"
"2018-09-19 08:00","74.28"
"2018-09-19 08:15","75.13"
"2018-09-19 08:30","75.82"
"2018-09-19 08:45","76.41"
"2018-09-19 09:00","74.76"
"2018-09-19 09:15","74.67"
"2018-09-19 09:30","78.41"
"2018-09-19 09:45","78.66"
"2018-09-19 10:00","79.75"
"2018-09-19 10:15","76.98"
"2018-09-19 10:30","81.23"
"2018-09-19 10:45","76.78"
"2018-09-19 11:00","78.13"
"2018-09-19 11:15","79.37"
"2018-09-19 11:30","77.44"
"2018-09-19 11:45","77.92"
"2018-09-19 12:00","81.05"
"2018-09-19 12:15","78.42"
"2018-09-19 12:30","73.03"
"2018-09-19 12:45","78.27"
"2018-09-19 13:00","78.54"
"2018-09-19 13:15","82.24"
"2018-09-19 13:30","78.77"
"2018-09-19 13:45","72.4"
"2018-09-19 14:00","73.86"
"2018-09-19 14:15","77.58"
"2018-09-19 14:30","80.15"
"2018-09-19 14:45","78.94"
"2018-09-19 15:00","71.59"
"2018-09-19 15:15","76.72"
"2018-09-19 15:30","77.84"
"2018-09-19 15:45","75.46"
"2018-09-19 16:00","74.56"
"2018-09-19 16:15","70.38"
"2018-09-19 16:30","70.43"
"2018-09-19 16:45","75.88"
"2018-09-19 17:00","77.71"
"2018-09-19 17:15","78.72"
"2018-09-19 17:30","78.71"
"2018-09-19 17:45","76.68"
"2018-09-19 18:00","80.08"
"2018-09-19 18:15","89.0"
"2018-09-19 18:30","86.07"
"2018-09-19 18:45","82.88"
"2018-09-19 19:00","84.85"
"2018-09-19 19:15","82.44"
"2018-09-19 19:30","87.12"
"2018-09-19 19:45","100.1"
"2018-09-19 20:00","94.36"
"2018-09-19 20:15","94.33"
"2018-09-19 20:30","90.87"
"2018-09-19 20:45","89.61"
"2018-09-19 21:00","91.38"
"2018-09-19 21:15","85.99"
"2018-09-19 21:30","86.14"
"2018-09-19 21:45","82.97"
"2018-09-19 22:00","85.01"
"2018-09-19 22:15","81.47"
"2018-09-19 22:30","78.67"
"2018-09-19 22:45","75.4"
"2018-09-19 23:00","65.47"
"2018-09-19 23:15","62.26"
"2018-09-19 23:30","61.45"
"2018-09-19 23:45","55.61"
"2018-09-20 00:00","55.89"
"2018-09-20 00:15","57.11"
"2018-09-20 00:30","56.78"
"2018-09-20 00:45","57.11"
"2018-09-20 01:00","57.29"
"2018-09-20 01:15","57.49"
"2018-09-20 01:30","54.95"
"2018-09-20 01:45","55.74"
"2018-09-20 02:00","56.42"
"2018-09-20 02:15","58.25"
"2018-09-20 02:30","58.25"
"2018-09-20 02:45","53.31"
"2018-09-20 03:00","54.2"
"2018-09-20 03:15","54.1"
"2018-09-20 03:30","54.69"
"2018-09-20 03:45","53.67"
"2018-09-20 04:00","54.07"
"2018-09-20 04:15","53.92"
"2018-09-20 04:30","54.17"
"2018-09-20 04:45","57.87"
"2018-09-20 05:00","93.78"
"2018-09-20 05:15","106.54"
"2018-09-20 05:30","105.86"
"2018-09-20 05:45","106.61"
"2018-09-20 06:00","110.77"
"2018-09-20 06:15","116.04"
"2018-09-20 06:30","131.45"
"2018-09-20 06:45","142.98"
"2018-09-20 07:00","149.29"
"2018-09-20 07:15","149.72"
"2018-09-20 07:30","147.59"
"2018-09-20 07:45","151.05"
"2018-09-20 08:00","148.3"
"2018-09-20 08:15","153.32"
"2018-09-20 08:30","160.41"
"2018-09-20 08:45","156.12"
"2018-09-20 09:00","173.89"
"2018-09-20 09:15","169.93"
"2018-09-20 09:30","170.62"
"2018-09-20 09:45","153.23"
"2018-09-20 10:00","173.13"
"2018-09-20 10:15","164.48"
"2018-09-20 10:30","162.56"
"2018-09-20 10:45","178.72"
"2018-09-20 11:00","179.27"
"2018-09-20 11:15","181.09"
"2018-09-20 11:30","184.86"
"2018-09-20 11:45","190.95"
"2018-09-20 12:00","201.22"
"2018-09-20 12:15","194.93"
"2018-09-20 12:30","192.8"
"2018-09-20 12:45","191.38"
"2018-09-20 13:00","187.93"
"2018-09-20 13:15","185.62"
"2018-09-20 13:30","184.02"
"2018-09-20 13:45","189.09"
"2018-09-20 14:00","185.53"
"2018-09-20 14:15","186.74"
"2018-09-20 14:30","181.77"
"2018-09-20 14:45","169.36"
"2018-09-20 15:00","175.1"
"2018-09-20 15:15","181.98"
"2018-09-20 15:30","183.17"
"2018-09-20 15:45","170.54"
"2018-09-20 16:00","170.66"
"2018-09-20 16:15","161.13"
"2018-09-20 16:30","165.66"
"2018-09-20 16:45","157.81"
"2018-09-20 17:00","148.57"
"2018-09-20 17:15","145.5"
"2018-09-20 17:30","140.8"
"2018-09-20 17:45","142.6"
"2018-09-20 18:00","150.65"
"2018-09-20 18:15","155.44"
"2018-09-20 18:30","158.46"
"2018-09-20 18:45","158.46"
"2018-09-20 19:00","158.82"
"2018-09-20 19:15","155.33"
"2018-09-20 19:30","156.67"
"2018-09-20 19:45","154.35"
"2018-09-20 20:00","146.39"
"2018-09-20 20:15","154.26"
"2018-09-20 20:30","147.98"
"2018-09-20 20:45","147.12"
"2018-09-20 21:00","140.84"
"2018-09-20 21:15","141.14"
"2018-09-20 21:30","138.76"
"2018-09-20 21:45","128.88"
"2018-09-20 22:00","103.59"
"2018-09-20 22:15","95.37"
"2018-09-20 22:30","95.78"
"2018-09-20 22:45","86.4"
"2018-09-20 23:00","91.96"
"2018-09-20 23:15","89.34"
"2018-09-20 23:30","85.64"
"2018-09-20 23:45","88.49"
"2018-09-21 00:00","84.32"
"2018-09-21 00:15","89.78"
"2018-09-21 00:30","80.85"
"2018-09-21 00:45","85.62"
"2018-09-21 01:00","84.24"
"2018-09-21 01:15","88.08"
"2018-09-21 01:30","86.43"
"2018-09-21 01:45","84.55"
"2018-09-21 02:00","83.3"
"2018-09-21 02:15","63.69"
"2018-09-21 02:30","70.6"
"2018-09-21 02:45","64.23"
"2018-09-21 03:00","63.92"
"2018-09-21 03:15","57.55"
"2018-09-21 03:30","65.81"
"2018-09-21 03:45","62.21"
"2018-09-21 04:00","62.2"
"2018-09-21 04:15","65.57"
"2018-09-21 04:30","64.33"
"2018-09-21 04:45","63.44"
"2018-09-21 05:00","65.63"
"2018-09-21 05:15","87.29"
"2018-09-21 05:30","97.23"
"2018-09-21 05:45","101.7"
"2018-09-21 06:00","103.23"
"2018-09-21 06:15","121.03"
"2018-09-21 06:30","134.08"
"2018-09-21 06:45","144.28"
"2018-09-21 07:00","155.74"
"2018-09-21 07:15","156.45"
"2018-09-21 07:30","159.48"
"2018-09-21 07:45","156.73"
"2018-09-21 08:00","162.04"
"2018-09-21 08:15","165.18"
"2018-09-21 08:30","165.43"
"2018-09-21 08:45","166.93"
"2018-09-21 09:00","166.37"
"2018-09-21 09:15","164.86"
"2018-09-21 09:30","163.48"
"2018-09-21 09:45","167.22"
"2018-09-21 10:00","166.99"
"2018-09-21 10:15","166.24"
"2018-09-21 10:30","175.0"
"2018-09-21 10:45","172.63"
"2018-09-21 11:00","172.74"
"2018-09-21 11:15","174.28"
"2018-09-21 11:30","175.18"
"2018-09-21 11:45","182.33"
"2018-09-21 12:00","192.46"
"2018-09-21 12:15","186.26"
"2018-09-21 12:30","184.15"
"2018-09-21 12:45","183.11"
"2018-09-21 13:00","184.53"
"2018-09-21 13:15","185.93"
"2018-09-21 13:30","188.07"
"2018-09-21 13:45","187.13"
"2018-09-21 14:00","186.2"
"2018-09-21 14:15","175.37"
"2018-09-21 14:30","173.99"
"2018-09-21 14:45","182.96"
"2018-09-21 15:00","182.45"
"2018-09-21 15:15","182.88"
"2018-09-21 15:30","187.04"
"2018-09-21 15:45","185.17"
"2018-09-21 16:00","176.11"
"2018-09-21 16:15","174.91"
"2018-09-21 16:30","174.29"
"2018-09-21 16:45","174.94"
"2018-09-21 17:00","164.95"
"2018-09-21 17:15","158.84"
"2018-09-21 17:30","168.78"
"2018-09-21 17:45","168.69"
"2018-09-21 18:00","173.91"
"2018-09-21 18:15","170.23"
"2018-09-21 18:30","172.93"
"2018-09-21 18:45","173.7"
"2018-09-21 19:00","171.53"
"2018-09-21 19:15","170.41"
"2018-09-21 19:30","160.68"
"2018-09-21 19:45","161.73"
"2018-09-21 20:00","158.49"
"2018-09-21 20:15","160.36"
"2018-09-21 20:30","152.94"
"2018-09-21 20:45","154.5"
"2018-09-21 21:00","154.49"
"2018-09-21 21:15","146.42"
"2018-09-21 21:30","144.51"
"2018-09-21 21:45","144.11"
"2018-09-21 22:00","145.67"
"2018-09-21 22:15","140.81"
"2018-09-21 22:30","109.87"
"2018-09-21 22:45","94.32"
"2018-09-21 23:00","80.49"
"2018-09-21 23:15","74.06"
"2018-09-21 23:30","66.23"
"2018-09-21 23:45","71.25"
"2018-09-22 00:00","70.06"
"2018-09-22 00:15","68.94"
"2018-09-22 00:30","68.25"
"2018-09-22 00:45","66.96"
"2018-09-22 01:00","62.35"
"2018-09-22 01:15","73.64"
"2018-09-22 01:30","68.96"
"2018-09-22 01:45","67.41"
"2018-09-22 02:00","66.26"
"2018-09-22 02:15","71.56"
"2018-09-22 02:30","68.76"
"2018-09-22 02:45","65.35"
"2018-09-22 03:00","64.06"
"2018-09-22 03:15","63.51"
"2018-09-22 03:30","70.99"
"2018-09-22 03:45","66.17"
"2018-09-22 04:00","68.73"
"2018-09-22 04:15","68.74"
"2018-09-22 04:30","69.05"
"2018-09-22 04:45","84.15"
"2018-09-22 05:00","132.14"
"2018-09-22 05:15","132.64"
"2018-09-22 05:30","135.2"
"2018-09-22 05:45","135.37"
"2018-09-22 06:00","140.68"
"2018-09-22 06:15","141.3"
"2018-09-22 06:30","147.56"
"2018-09-22 06:45","148.53"
"2018-09-22 07:00","143.71"
"2018-09-22 07:15","135.79"
"2018-09-22 07:30","145.26"
"2018-09-22 07:45","162.21"
"2018-09-22 08:00","164.96"
"2018-09-22 08:15","162.41"
"2018-09-22 08:30","165.12"
"2018-09-22 08:45","177.04"
"2018-09-22 09:00","170.24"
"2018-09-22 09:15","177.78"
"2018-09-22 09:30","164.6"
"2018-09-22 09:45","165.23"
"2018-09-22 10:00","163.47"
"2018-09-22 10:15","176.45"
"2018-09-22 10:30","166.17"
"2018-09-22 10:45","160.02"
"2018-09-22 11:00","166.48"
"2018-09-22 11:15","163.39"
"2018-09-22 11:30","81.2"
"2018-09-22 11:45","155.06"
"2018-09-22 12:00","163.59"
"2018-09-22 12:15","170.78"
"2018-09-22 12:30","166.98"
"2018-09-22 12:45","173.13"
"2018-09-22 13:00","167.5"
"2018-09-22 13:15","164.74"
"2018-09-22 13:30","159.95"
"2018-09-22 13:45","161.43"
"2018-09-22 14:00","158.6"
"2018-09-22 14:15","153.12"
"2018-09-22 14:30","153.14"
"2018-09-22 14:45","154.33"
"2018-09-22 15:00","139.78"
"2018-09-22 15:15","124.21"
"2018-09-22 15:30","109.94"
"2018-09-22 15:45","109.08"
"2018-09-22 16:00","100.9"
"2018-09-22 16:15","102.34"
"2018-09-22 16:30","100.66"
"2018-09-22 16:45","94.65"
"2018-09-22 17:00","99.84"
"2018-09-22 17:15","90.89"
"2018-09-22 17:30","89.97"
"2018-09-22 17:45","92.43"
"2018-09-22 18:00","84.8"
"2018-09-22 18:15","85.25"
"2018-09-22 18:30","78.84"
"2018-09-22 18:45","79.58"
"2018-09-22 19:00","81.18"
"2018-09-22 19:15","84.14"
"2018-09-22 19:30","84.96"
"2018-09-22 19:45","80.62"
"2018-09-22 20:00","69.06"
"2018-09-22 20:15","64.44"
"2018-09-22 20:30","63.25"
"2018-09-22 20:45","63.32"
"2018-09-22 21:00","64.78"
"2018-09-22 21:15","56.12"
"2018-09-22 21:30","55.76"
"2018-09-22 21:45","55.26"
"2018-09-22 22:00","52.05"
"2018-09-22 22:15","53.75"
"2018-09-22 22:30","55.19"
"2018-09-22 22:45","55.41"
"2018-09-22 23:00","52.76"
"2018-09-22 23:15","59.68"
"2018-09-22 23:30","55.52"
"2018-09-22 23:45","52.8"
"2018-09-23 00:00","51.28"
"2018-09-23 00:15","55.59"
"2018-09-23 00:30","52.99"
"2018-09-23 00:45","50.28"
"2018-09-23 01:00","53.66"
"2018-09-23 01:15","55.25"
"2018-09-23 01:30","55.95"
"2018-09-23 01:45","51.78"
"2018-09-23 02:00","57.12"
"2018-09-23 02:15","54.48"
"2018-09-23 02:30","52.7"
"2018-09-23 02:45","51.07"
"2018-09-23 03:00","54.2"
"2018-09-23 03:15","53.74"
"2018-09-23 03:30","52.39"
"2018-09-23 03:45","54.83"
"2018-09-23 04:00","52.0"
"2018-09-23 04:15","55.64"
"2018-09-23 04:30","54.11"
"2018-09-23 04:45","54.62"
"2018-09-23 05:00","55.15"
"2018-09-23 05:15","55.83"
"2018-09-23 05:30","55.63"
"2018-09-23 05:45","56.45"
"2018-09-23 06:00","53.71"
"2018-09-23 06:15","58.42"
"2018-09-23 06:30","63.41"
"2018-09-23 06:45","66.87"
"2018-09-23 07:00","93.98"
"2018-09-23 07:15","89.99"
"2018-09-23 07:30","89.27"
"2018-09-23 07:45","89.71"
"2018-09-23 08:00","89.47"
"2018-09-23 08:15","87.86"
"2018-09-23 08:30","91.2"
"2018-09-23 08:45","89.5"
"2018-09-23 09:00","94.1"
"2018-09-23 09:15","92.25"
"2018-09-23 09:30","90.27"
"2018-09-23 09:45","65.02"
"2018-09-23 10:00","61.43"
"2018-09-23 10:15","53.49"
"2018-09-23 10:30","61.39"
"2018-09-23 10:45","55.3"
"2018-09-23 11:00","57.78"
"2018-09-23 11:15","66.9"
"2018-09-23 11:30","60.79"
"2018-09-23 11:45","64.88"
"2018-09-23 12:00","58.77"
"2018-09-23 12:15","62.59"
"2018-09-23 12:30","60.1"
"2018-09-23 12:45","62.77"
"2018-09-23 13:00","61.48"
"2018-09-23 13:15","58.8"
"2018-09-23 13:30","63.46"
"2018-09-23 13:45","60.39"
"2018-09-23 14:00","55.81"
"2018-09-23 14:15","58.11"
"2018-09-23 14:30","62.91"
"2018-09-23 14:45","58.87"
"2018-09-23 15:00","59.24"
"2018-09-23 15:15","62.41"
"2018-09-23 15:30","58.22"
"2018-09-23 15:45","57.93"
"2018-09-23 16:00","58.75"
"2018-09-23 16:15","68.7"
"2018-09-23 16:30","57.39"
"2018-09-23 16:45","62.78"
"2018-09-23 17:00","56.62"
"2018-09-23 17:15","56.16"
"2018-09-23 17:30","59.33"
"2018-09-23 17:45","55.45"
"2018-09-23 18:00","57.65"
"2018-09-23 18:15","56.08"
"2018-09-23 18:30","58.69"
"2018-09-23 18:45","55.99"
"2018-09-23 19:00","57.3"
"2018-09-23 19:15","57.5"
"2018-09-23 19:30","56.62"
"2018-09-23 19:45","57.58"
"2018-09-23 20:00","58.3"
"2018-09-23 20:15","58.38"
"2018-09-23 20:30","54.98"
"2018-09-23 20:45","57.3"
"2018-09-23 21:00","62.22"
"2018-09-23 21:15","59.95"
"2018-09-23 21:30","55.61"
"2018-09-23 21:45","57.84"
"2018-09-23 22:00","58.32"
"2018-09-23 22:15","58.17"
"2018-09-23 22:30","54.26"
"2018-09-23 22:45","55.6"
"2018-09-23 23:00","56.16"
"2018-09-23 23:15","56.94"
"2018-09-23 23:30","56.59"
"2018-09-23 23:45","55.93"
"2018-09-24 00:00","54.96"
"2018-09-24 00:15","55.05"
"2018-09-24 00:30","55.26"
"2018-09-24 00:45","55.25"
"2018-09-24 01:00","53.79"
"2018-09-24 01:15","53.23"
"2018-09-24 01:30","55.13"
"2018-09-24 01:45","55.77"
"2018-09-24 02:00","54.19"
"2018-09-24 02:15","53.47"
"2018-09-24 02:30","54.13"
"2018-09-24 02:45","54.39"
"2018-09-24 03:00","55.85"
"2018-09-24 03:15","54.86"
"2018-09-24 03:30","54.81"
"2018-09-24 03:45","53.37"
"2018-09-24 04:00","53.41"
"2018-09-24 04:15","53.56"
"2018-09-24 04:30","53.97"
"2018-09-24 04:45","89.24"
"2018-09-24 05:00","119.51"
"2018-09-24 05:15","122.39"
"2018-09-24 05:30","125.67"
"2018-09-24 05:45","125.53"
"2018-09-24 06:00","128.16"
"2018-09-24 06:15","132.77"
"2018-09-24 06:30","140.88"
"2018-09-24 06:45","145.43"
"2018-09-24 07:00","150.39"
"2018-09-24 07:15","154.7"
"2018-09-24 07:30","155.25"
"2018-09-24 07:45","154.51"
"2018-09-24 08:00","155.17"
"2018-09-24 08:15","163.13"
"2018-09-24 08:30","167.38"
"2018-09-24 08:45","170.9"
"2018-09-24 09:00","174.09"
"2018-09-24 09:15","175.86"
"2018-09-24 09:30","179.66"
"2018-09-24 09:45","178.79"
"2018-09-24 10:00","175.57"
"2018-09-24 10:15","178.2"
"2018-09-24 10:30","180.85"
"2018-09-24 10:45","183.29"
"2018-09-24 11:00","179.02"
"2018-09-24 11:15","182.65"
"2018-09-24 11:30","183.29"
"2018-09-24 11:45","184.96"
"2018-09-24 12:00","186.0"
"2018-09-24 12:15","191.47"
"2018-09-24 12:30","197.77"
"2018-09-24 12:45","189.27"
"2018-09-24 13:00","187.34"
"2018-09-24 13:15","183.23"
"2018-09-24 13:30","189.82"
"2018-09-24 13:45","192.81"
"2018-09-24 14:00","187.33"
"2018-09-24 14:15","189.33"
"2018-09-24 14:30","185.26"
"2018-09-24 14:45","186.58"
"2018-09-24 15:00","182.51"
"2018-09-24 15:15","168.29"
"2018-09-24 15:30","172.86"
"2018-09-24 15:45","169.89"
"2018-09-24 16:00","168.29"
"2018-09-24 16:15","165.55"
"2018-09-24 16:30","167.48"
"2018-09-24 16:45","162.51"
"2018-09-24 17:00","159.43"
"2018-09-24 17:15","159.52"
"2018-09-24 17:30","160.19"
"2018-09-24 17:45","157.06"
"2018-09-24 18:00","160.77"
"2018-09-24 18:15","162.2"
"2018-09-24 18:30","164.35"
"2018-09-24 18:45","160.67"
"2018-09-24 19:00","157.81"
"2018-09-24 19:15","154.12"
"2018-09-24 19:30","154.21"
"2018-09-24 19:45","155.72"
"2018-09-24 20:00","154.56"
"2018-09-24 20:15","148.15"
"2018-09-24 20:30","148.72"
"2018-09-24 20:45","146.89"
"2018-09-24 21:00","142.02"
"2018-09-24 21:15","141.81"
"2018-09-24 21:30","143.65"
"2018-09-24 21:45","130.76"
"2018-09-24 22:00","103.28"
"2018-09-24 22:15","89.2"
"2018-09-24 22:30","75.95"
"2018-09-24 22:45","62.79"
"2018-09-24 23:00","61.45"
"2018-09-24 23:15","57.48"
"2018-09-24 23:30","59.61"
"2018-09-24 23:45","54.37"
"2018-09-25 00:00","61.18"
"2018-09-25 00:15","57.55"
"2018-09-25 00:30","56.51"
"2018-09-25 00:45","52.62"
"2018-09-25 01:00","58.29"
"2018-09-25 01:15","57.71"
"2018-09-25 01:30","56.45"
"2018-09-25 01:45","55.71"
"2018-09-25 02:00","55.81"
"2018-09-25 02:15","55.89"
"2018-09-25 02:30","54.02"
"2018-09-25 02:45","55.41"
"2018-09-25 03:00","53.67"
"2018-09-25 03:15","53.74"
"2018-09-25 03:30","52.37"
"2018-09-25 03:45","55.51"
"2018-09-25 04:00","55.26"
"2018-09-25 04:15","54.82"
"2018-09-25 04:30","55.2"
"2018-09-25 04:45","53.69"
"2018-09-25 05:00","78.81"
"2018-09-25 05:15","118.17"
"2018-09-25 05:30","123.65"
"2018-09-25 05:45","123.73"
"2018-09-25 06:00","125.88"
"2018-09-25 06:15","134.03"
"2018-09-25 06:30","143.44"
"2018-09-25 06:45","151.78"
"2018-09-25 07:00","154.75"
"2018-09-25 07:15","149.29"
"2018-09-25 07:30","146.29"
"2018-09-25 07:45","147.82"
"2018-09-25 08:00","151.34"
"2018-09-25 08:15","152.77"
"2018-09-25 08:30","159.01"
"2018-09-25 08:45","155.43"
"2018-09-25 09:00","162.75"
"2018-09-25 09:15","163.23"
"2018-09-25 09:30","167.22"
"2018-09-25 09:45","167.59"
"2018-09-25 10:00","175.54"
"2018-09-25 10:15","167.59"
"2018-09-25 10:30","173.55"
"2018-09-25 10:45","173.22"
"2018-09-25 11:00","179.03"
"2018-09-25 11:15","178.92"
"2018-09-25 11:30","185.78"
"2018-09-25 11:45","179.94"
"2018-09-25 12:00","184.43"
"2018-09-25 12:15","188.18"
"2018-09-25 12:30","190.12"
"2018-09-25 12:45","185.47"
"2018-09-25 13:00","187.8"
"2018-09-25 13:15","179.69"
"2018-09-25 13:30","180.84"
"2018-09-25 13:45","174.39"
"2018-09-25 14:00","179.63"
"2018-09-25 14:15","173.61"
"2018-09-25 14:30","174.07"
"2018-09-25 14:45","171.4"
"2018-09-25 15:00","167.67"
"2018-09-25 15:15","163.79"
"2018-09-25 15:30","166.85"
"2018-09-25 15:45","164.14"
"2018-09-25 16:00","162.31"
"2018-09-25 16:15","163.68"
"2018-09-25 16:30","155.87"
"2018-09-25 16:45","151.04"
"2018-09-25 17:00","150.33"
"2018-09-25 17:15","148.69"
"2018-09-25 17:30","158.56"
"2018-09-25 17:45","163.41"
"2018-09-25 18:00","162.43"
"2018-09-25 18:15","173.98"
"2018-09-25 18:30","180.36"
"2018-09-25 18:45","180.15"
"2018-09-25 19:00","176.85"
"2018-09-25 19:15","175.25"
"2018-09-25 19:30","165.44"
"2018-09-25 19:45","164.21"
"2018-09-25 20:00","164.17"
"2018-09-25 20:15","163.15"
"2018-09-25 20:30","162.76"
"2018-09-25 20:45","160.66"
"2018-09-25 21:00","155.06"
"2018-09-25 21:15","149.2"
"2018-09-25 21:30","140.2"
"2018-09-25 21:45","133.47"
"2018-09-25 22:00","128.25"
"2018-09-25 22:15","110.49"
"2018-09-25 22:30","79.67"
"2018-09-25 22:45","78.67"
"2018-09-25 23:00","72.85"
"2018-09-25 23:15","62.16"
"2018-09-25 23:30","63.68"
"2018-09-25 23:45","59.92"
"2018-09-26 00:00","54.05"
"2018-09-26 00:15","64.39"
"2018-09-26 00:30","64.32"
"2018-09-26 00:45","58.6"
"2018-09-26 01:00","61.13"
"2018-09-26 01:15","65.34"
"2018-09-26 01:30","61.72"
"2018-09-26 01:45","62.78"
"2018-09-26 02:00","65.63"
"2018-09-26 02:15","63.51"
"2018-09-26 02:30","59.86"
"2018-09-26 02:45","65.17"
"2018-09-26 03:00","64.27"
"2018-09-26 03:15","61.72"
"2018-09-26 03:30","64.53"
"2018-09-26 03:45","59.3"
"2018-09-26 04:00","63.59"
"2018-09-26 04:15","61.55"
"2018-09-26 04:30","63.48"
"2018-09-26 04:45","77.48"
"2018-09-26 05:00","120.16"
"2018-09-26 05:15","130.41"
"2018-09-26 05:30","132.28"
"2018-09-26 05:45","131.57"
"2018-09-26 06:00","130.91"
"2018-09-26 06:15","141.17"
"2018-09-26 06:30","147.26"
"2018-09-26 06:45","157.14"
"2018-09-26 07:00","151.64"
"2018-09-26 07:15","158.23"
"2018-09-26 07:30","150.33"
"2018-09-26 07:45","157.57"
"2018-09-26 08:00","156.61"
"2018-09-26 08:15","163.84"
"2018-09-26 08:30","164.76"
"2018-09-26 08:45","165.68"
"2018-09-26 09:00","166.03"
"2018-09-26 09:15","160.21"
"2018-09-26 09:30","166.32"
"2018-09-26 09:45","166.21"
"2018-09-26 10:00","166.04"
"2018-09-26 10:15","164.38"
"2018-09-26 10:30","168.89"
"2018-09-26 10:45","172.55"
"2018-09-26 11:00","172.73"
"2018-09-26 11:15","170.1"
"2018-09-26 11:30","178.84"
"2018-09-26 11:45","180.05"
"2018-09-26 12:00","185.7"
"2018-09-26 12:15","184.46"
"2018-09-26 12:30","171.1"
"2018-09-26 12:45","177.57"
"2018-09-26 13:00","179.98"
"2018-09-26 13:15","180.29"
"2018-09-26 13:30","172.28"
"2018-09-26 13:45","174.3"
"2018-09-26 14:00","171.95"
"2018-09-26 14:15","170.77"
"2018-09-26 14:30","173.91"
"2018-09-26 14:45","172.39"
"2018-09-26 15:00","183.44"
"2018-09-26 15:15","178.08"
"2018-09-26 15:30","176.73"
"2018-09-26 15:45","177.91"
"2018-09-26 16:00","171.98"
"2018-09-26 16:15","168.72"
"2018-09-26 16:30","177.87"
"2018-09-26 16:45","175.56"
"2018-09-26 17:00","177.13"
"2018-09-26 17:15","183.87"
"2018-09-26 17:30","179.19"
"2018-09-26 17:45","170.13"
"2018-09-26 18:00","178.96"
"2018-09-26 18:15","172.22"
"2018-09-26 18:30","175.45"
"2018-09-26 18:45","177.93"
"2018-09-26 19:00","170.93"
"2018-09-26 19:15","171.24"
"2018-09-26 19:30","168.28"
"2018-09-26 19:45","168.92"
"2018-09-26 20:00","161.66"
"2018-09-26 20:15","160.12"
"2018-09-26 20:30","161.32"
"2018-09-26 20:45","153.42"
