"Time stamp","CEDETEC - CCM  - Total  (kW)"
"2018-09-17 00:00","0.0"
"2018-09-17 00:05","0.0"
"2018-09-17 00:10","0.0"
"2018-09-17 00:15","0.0"
"2018-09-17 00:20","0.0"
"2018-09-17 00:25","0.0"
"2018-09-17 00:30","0.0"
"2018-09-17 00:35","0.0"
"2018-09-17 00:40","0.0"
"2018-09-17 00:45","0.0"
"2018-09-17 00:50","0.0"
"2018-09-17 00:55","0.0"
"2018-09-17 01:00","0.0"
"2018-09-17 01:05","0.0"
"2018-09-17 01:10","0.0"
"2018-09-17 01:15","0.0"
"2018-09-17 01:20","0.0"
"2018-09-17 01:25","0.0"
"2018-09-17 01:30","0.0"
"2018-09-17 01:35","0.0"
"2018-09-17 01:40","0.0"
"2018-09-17 01:45","0.0"
"2018-09-17 01:50","0.0"
"2018-09-17 01:55","0.0"
"2018-09-17 02:00","0.0"
"2018-09-17 02:05","0.0"
"2018-09-17 02:10","0.0"
"2018-09-17 02:15","0.0"
"2018-09-17 02:20","0.0"
"2018-09-17 02:25","0.0"
"2018-09-17 02:30","0.0"
"2018-09-17 02:35","0.0"
"2018-09-17 02:40","0.0"
"2018-09-17 02:45","0.0"
"2018-09-17 02:50","0.0"
"2018-09-17 02:55","0.0"
"2018-09-17 03:00","0.0"
"2018-09-17 03:05","0.0"
"2018-09-17 03:10","0.0"
"2018-09-17 03:15","0.0"
"2018-09-17 03:20","0.0"
"2018-09-17 03:25","0.0"
"2018-09-17 03:30","0.0"
"2018-09-17 03:35","0.0"
"2018-09-17 03:40","0.0"
"2018-09-17 03:45","0.0"
"2018-09-17 03:50","0.0"
"2018-09-17 03:55","0.0"
"2018-09-17 04:00","0.0"
"2018-09-17 04:05","0.0"
"2018-09-17 04:10","0.0"
"2018-09-17 04:15","0.0"
"2018-09-17 04:20","0.0"
"2018-09-17 04:25","0.0"
"2018-09-17 04:30","0.0"
"2018-09-17 04:35","0.0"
"2018-09-17 04:40","0.0"
"2018-09-17 04:45","0.0"
"2018-09-17 04:50","0.0"
"2018-09-17 04:55","0.0"
"2018-09-17 05:00","0.0"
"2018-09-17 05:05","0.0"
"2018-09-17 05:10","0.0"
"2018-09-17 05:15","0.0"
"2018-09-17 05:20","0.0"
"2018-09-17 05:25","0.0"
"2018-09-17 05:30","0.0"
"2018-09-17 05:35","0.0"
"2018-09-17 05:40","0.0"
"2018-09-17 05:45","0.0"
"2018-09-17 05:50","0.0"
"2018-09-17 05:55","0.0"
"2018-09-17 06:00","0.0"
"2018-09-17 06:05","0.0"
"2018-09-17 06:10","0.0"
"2018-09-17 06:15","0.0"
"2018-09-17 06:20","0.0"
"2018-09-17 06:25","0.0"
"2018-09-17 06:30","0.0"
"2018-09-17 06:35","0.0"
"2018-09-17 06:40","0.0"
"2018-09-17 06:45","0.0"
"2018-09-17 06:50","0.0"
"2018-09-17 06:55","0.0"
"2018-09-17 07:00","0.0"
"2018-09-17 07:05","0.0"
"2018-09-17 07:10","0.0"
"2018-09-17 07:15","0.0"
"2018-09-17 07:20","0.0"
"2018-09-17 07:25","0.0"
"2018-09-17 07:30","0.0"
"2018-09-17 07:35","0.0"
"2018-09-17 07:40","0.0"
"2018-09-17 07:45","0.0"
"2018-09-17 07:50","0.0"
"2018-09-17 07:55","0.0"
"2018-09-17 08:00","0.0"
"2018-09-17 08:05","0.0"
"2018-09-17 08:10","0.0"
"2018-09-17 08:15","0.0"
"2018-09-17 08:20","0.0"
"2018-09-17 08:25","0.0"
"2018-09-17 08:30","0.0"
"2018-09-17 08:35","0.0"
"2018-09-17 08:40","0.0"
"2018-09-17 08:45","0.0"
"2018-09-17 08:50","0.0"
"2018-09-17 08:55","0.0"
"2018-09-17 09:00","0.0"
"2018-09-17 09:05","0.0"
"2018-09-17 09:10","0.0"
"2018-09-17 09:15","0.0"
"2018-09-17 09:20","0.0"
"2018-09-17 09:25","0.0"
"2018-09-17 09:30","0.0"
"2018-09-17 09:35","0.0"
"2018-09-17 09:40","0.0"
"2018-09-17 09:45","0.0"
"2018-09-17 09:50","0.0"
"2018-09-17 09:55","0.0"
"2018-09-17 10:00","0.0"
"2018-09-17 10:05","0.0"
"2018-09-17 10:10","0.0"
"2018-09-17 10:15","0.0"
"2018-09-17 10:20","0.0"
"2018-09-17 10:25","0.0"
"2018-09-17 10:30","0.0"
"2018-09-17 10:35","0.0"
"2018-09-17 10:40","0.0"
"2018-09-17 10:45","0.0"
"2018-09-17 10:50","0.0"
"2018-09-17 10:55","0.0"
"2018-09-17 11:00","0.0"
"2018-09-17 11:05","0.0"
"2018-09-17 11:10","0.0"
"2018-09-17 11:15","0.0"
"2018-09-17 11:20","0.0"
"2018-09-17 11:25","0.0"
"2018-09-17 11:30","0.0"
"2018-09-17 11:35","0.0"
"2018-09-17 11:40","0.0"
"2018-09-17 11:45","8.42"
"2018-09-17 11:50","22.33"
"2018-09-17 11:55","22.37"
"2018-09-17 12:00","28.6"
"2018-09-17 12:05","27.59"
"2018-09-17 12:10","26.68"
"2018-09-17 12:15","25.69"
"2018-09-17 12:20","25.0"
"2018-09-17 12:25","23.26"
"2018-09-17 12:30","23.36"
"2018-09-17 12:35","23.71"
"2018-09-17 12:40","24.61"
"2018-09-17 12:45","24.77"
"2018-09-17 12:50","25.16"
"2018-09-17 12:55","23.97"
"2018-09-17 13:00","28.34"
"2018-09-17 13:05","23.28"
"2018-09-17 13:10","26.06"
"2018-09-17 13:15","25.82"
"2018-09-17 13:20","28.37"
"2018-09-17 13:25","31.04"
"2018-09-17 13:30","27.91"
"2018-09-17 13:35","27.42"
"2018-09-17 13:40","31.5"
"2018-09-17 13:45","32.48"
"2018-09-17 13:50","29.07"
"2018-09-17 13:55","25.82"
"2018-09-17 14:00","30.42"
"2018-09-17 14:05","27.02"
"2018-09-17 14:10","27.45"
"2018-09-17 14:15","15.57"
"2018-09-17 14:20","33.4"
"2018-09-17 14:25","30.89"
"2018-09-17 14:30","30.85"
"2018-09-17 14:35","31.85"
"2018-09-17 14:40","26.89"
"2018-09-17 14:45","32.5"
"2018-09-17 14:50","33.94"
"2018-09-17 14:55","31.23"
"2018-09-17 15:00","33.08"
"2018-09-17 15:05","33.95"
"2018-09-17 15:10","28.56"
"2018-09-17 15:15","32.43"
"2018-09-17 15:20","33.16"
"2018-09-17 15:25","32.1"
"2018-09-17 15:30","29.47"
"2018-09-17 15:35","29.32"
"2018-09-17 15:40","27.7"
"2018-09-17 15:45","25.55"
"2018-09-17 15:50","23.94"
"2018-09-17 15:55","16.09"
"2018-09-17 16:00","25.94"
"2018-09-17 16:05","27.88"
"2018-09-17 16:10","26.46"
"2018-09-17 16:15","26.93"
"2018-09-17 16:20","26.84"
"2018-09-17 16:25","26.79"
"2018-09-17 16:30","24.08"
"2018-09-17 16:35","25.24"
"2018-09-17 16:40","24.89"
"2018-09-17 16:45","26.49"
"2018-09-17 16:50","27.62"
"2018-09-17 16:55","26.46"
"2018-09-17 17:00","25.72"
"2018-09-17 17:05","24.37"
"2018-09-17 17:10","12.63"
"2018-09-17 17:15","25.73"
"2018-09-17 17:20","26.11"
"2018-09-17 17:25","24.59"
"2018-09-17 17:30","27.24"
"2018-09-17 17:35","13.06"
"2018-09-17 17:40","31.48"
"2018-09-17 17:45","33.41"
"2018-09-17 17:50","34.11"
"2018-09-17 17:55","35.16"
"2018-09-17 18:00","33.05"
"2018-09-17 18:05","31.71"
"2018-09-17 18:10","20.43"
"2018-09-17 18:15","32.48"
"2018-09-17 18:20","25.71"
"2018-09-17 18:25","27.4"
"2018-09-17 18:30","30.54"
"2018-09-17 18:35","31.14"
"2018-09-17 18:40","31.29"
"2018-09-17 18:45","32.71"
"2018-09-17 18:50","31.93"
"2018-09-17 18:55","16.13"
"2018-09-17 19:00","30.96"
"2018-09-17 19:05","31.6"
"2018-09-17 19:10","26.8"
"2018-09-17 19:15","26.78"
"2018-09-17 19:20","30.1"
"2018-09-17 19:25","29.51"
"2018-09-17 19:30","29.28"
"2018-09-17 19:35","30.64"
"2018-09-17 19:40","29.59"
"2018-09-17 19:45","29.03"
"2018-09-17 19:50","30.29"
"2018-09-17 19:55","29.32"
"2018-09-17 20:00","28.79"
"2018-09-17 20:05","27.73"
"2018-09-17 20:10","28.43"
"2018-09-17 20:15","28.35"
"2018-09-17 20:20","27.98"
"2018-09-17 20:25","27.9"
"2018-09-17 20:30","28.96"
"2018-09-17 20:35","28.77"
"2018-09-17 20:40","29.59"
"2018-09-17 20:45","29.29"
"2018-09-17 20:50","28.83"
"2018-09-17 20:55","9.36"
"2018-09-17 21:00","27.87"
"2018-09-17 21:05","28.73"
"2018-09-17 21:10","28.22"
"2018-09-17 21:15","27.56"
"2018-09-17 21:20","27.84"
"2018-09-17 21:25","24.27"
"2018-09-17 21:30","13.44"
"2018-09-17 21:35","11.03"
"2018-09-17 21:40","11.09"
"2018-09-17 21:45","10.04"
"2018-09-17 21:50","9.91"
"2018-09-17 21:55","10.22"
"2018-09-17 22:00","9.8"
"2018-09-17 22:05","9.26"
"2018-09-17 22:10","8.14"
"2018-09-17 22:15","8.45"
"2018-09-17 22:20","8.28"
"2018-09-17 22:25","7.05"
"2018-09-17 22:30","6.15"
"2018-09-17 22:35","8.25"
"2018-09-17 22:40","9.16"
"2018-09-17 22:45","8.77"
"2018-09-17 22:50","8.8"
"2018-09-17 22:55","8.32"
"2018-09-17 23:00","7.54"
"2018-09-17 23:05","5.25"
"2018-09-17 23:10","5.1"
"2018-09-17 23:15","4.86"
"2018-09-17 23:20","4.59"
"2018-09-17 23:25","4.42"
"2018-09-17 23:30","4.51"
"2018-09-17 23:35","4.98"
"2018-09-17 23:40","4.78"
"2018-09-17 23:45","4.59"
"2018-09-17 23:50","4.73"
"2018-09-17 23:55","4.7"
"2018-09-18 00:00","6.56"
"2018-09-18 00:05","4.25"
"2018-09-18 00:10","4.39"
"2018-09-18 00:15","4.75"
"2018-09-18 00:20","4.66"
"2018-09-18 00:25","4.5"
"2018-09-18 00:30","4.93"
"2018-09-18 00:35","4.63"
"2018-09-18 00:40","4.92"
"2018-09-18 00:45","5.15"
"2018-09-18 00:50","4.99"
"2018-09-18 00:55","4.0"
"2018-09-18 01:00","5.18"
"2018-09-18 01:05","5.03"
"2018-09-18 01:10","5.43"
"2018-09-18 01:15","5.28"
"2018-09-18 01:20","4.79"
"2018-09-18 01:25","4.51"
"2018-09-18 01:30","5.45"
"2018-09-18 01:35","4.9"
"2018-09-18 01:40","5.31"
"2018-09-18 01:45","4.5"
"2018-09-18 01:50","4.64"
"2018-09-18 01:55","4.67"
"2018-09-18 02:00","4.42"
"2018-09-18 02:05","4.58"
"2018-09-18 02:10","4.34"
"2018-09-18 02:15","4.97"
"2018-09-18 02:20","4.87"
"2018-09-18 02:25","4.53"
"2018-09-18 02:30","4.61"
"2018-09-18 02:35","4.58"
"2018-09-18 02:40","4.98"
"2018-09-18 02:45","5.39"
"2018-09-18 02:50","4.23"
"2018-09-18 02:55","4.65"
"2018-09-18 03:00","4.61"
"2018-09-18 03:05","4.71"
"2018-09-18 03:10","4.52"
"2018-09-18 03:15","5.93"
"2018-09-18 03:20","5.35"
"2018-09-18 03:25","5.26"
"2018-09-18 03:30","6.11"
"2018-09-18 03:35","7.23"
"2018-09-18 03:40","4.95"
"2018-09-18 03:45","4.79"
"2018-09-18 03:50","5.01"
"2018-09-18 03:55","4.56"
"2018-09-18 04:00","4.47"
"2018-09-18 04:05","4.51"
"2018-09-18 04:10","4.56"
"2018-09-18 04:15","5.18"
"2018-09-18 04:20","4.74"
"2018-09-18 04:25","4.73"
"2018-09-18 04:30","4.7"
"2018-09-18 04:35","4.94"
"2018-09-18 04:40","4.41"
"2018-09-18 04:45","5.02"
"2018-09-18 04:50","5.89"
"2018-09-18 04:55","7.88"
"2018-09-18 05:00","8.8"
"2018-09-18 05:05","7.99"
"2018-09-18 05:10","7.71"
"2018-09-18 05:15","8.28"
"2018-09-18 05:20","8.43"
"2018-09-18 05:25","8.17"
"2018-09-18 05:30","8.16"
"2018-09-18 05:35","7.76"
"2018-09-18 05:40","7.95"
"2018-09-18 05:45","9.29"
"2018-09-18 05:50","8.76"
"2018-09-18 05:55","8.41"
"2018-09-18 06:00","8.97"
"2018-09-18 06:05","8.03"
"2018-09-18 06:10","8.66"
"2018-09-18 06:15","8.29"
"2018-09-18 06:20","8.76"
"2018-09-18 06:25","7.95"
"2018-09-18 06:30","8.16"
"2018-09-18 06:35","10.16"
"2018-09-18 06:40","7.82"
"2018-09-18 06:45","9.2"
"2018-09-18 06:50","11.51"
"2018-09-18 06:55","10.44"
"2018-09-18 07:00","8.46"
"2018-09-18 07:05","8.44"
"2018-09-18 07:10","24.05"
"2018-09-18 07:15","29.82"
"2018-09-18 07:20","29.27"
"2018-09-18 07:25","29.02"
"2018-09-18 07:30","27.71"
"2018-09-18 07:35","27.99"
"2018-09-18 07:40","27.51"
"2018-09-18 07:45","28.14"
"2018-09-18 07:50","27.07"
"2018-09-18 07:55","27.87"
"2018-09-18 08:00","27.01"
"2018-09-18 08:05","26.72"
"2018-09-18 08:10","27.8"
"2018-09-18 08:15","29.19"
"2018-09-18 08:20","27.11"
"2018-09-18 08:25","27.36"
"2018-09-18 08:30","26.64"
"2018-09-18 08:35","26.83"
"2018-09-18 08:40","27.96"
"2018-09-18 08:45","26.73"
"2018-09-18 08:50","26.65"
"2018-09-18 08:55","26.59"
"2018-09-18 09:00","27.89"
"2018-09-18 09:05","29.67"
"2018-09-18 09:10","28.41"
"2018-09-18 09:15","28.32"
"2018-09-18 09:20","29.35"
"2018-09-18 09:25","29.42"
"2018-09-18 09:30","19.38"
"2018-09-18 09:35","29.89"
"2018-09-18 09:40","28.59"
"2018-09-18 09:45","27.94"
"2018-09-18 09:50","30.83"
"2018-09-18 09:55","32.12"
"2018-09-18 10:00","31.22"
"2018-09-18 10:05","29.89"
"2018-09-18 10:10","30.96"
"2018-09-18 10:15","32.57"
"2018-09-18 10:20","31.58"
"2018-09-18 10:25","31.09"
"2018-09-18 10:30","32.13"
"2018-09-18 10:35","33.94"
"2018-09-18 10:40","31.81"
"2018-09-18 10:45","31.59"
"2018-09-18 10:50","32.77"
"2018-09-18 10:55","32.65"
"2018-09-18 11:00","34.06"
"2018-09-18 11:05","33.5"
"2018-09-18 11:10","36.46"
"2018-09-18 11:15","33.71"
"2018-09-18 11:20","35.76"
"2018-09-18 11:25","32.92"
"2018-09-18 11:30","31.67"
"2018-09-18 11:35","33.46"
"2018-09-18 11:40","31.43"
"2018-09-18 11:45","30.75"
"2018-09-18 11:50","32.22"
"2018-09-18 11:55","33.77"
"2018-09-18 12:00","32.12"
"2018-09-18 12:05","33.64"
"2018-09-18 12:10","30.69"
"2018-09-18 12:15","31.57"
"2018-09-18 12:20","32.19"
"2018-09-18 12:25","32.46"
"2018-09-18 12:30","33.01"
"2018-09-18 12:35","10.55"
"2018-09-18 12:40","30.66"
"2018-09-18 12:45","29.12"
"2018-09-18 12:50","30.65"
"2018-09-18 12:55","30.1"
"2018-09-18 13:00","15.92"
"2018-09-18 13:05","36.9"
"2018-09-18 13:10","35.52"
"2018-09-18 13:15","34.07"
"2018-09-18 13:20","32.35"
"2018-09-18 13:25","32.62"
"2018-09-18 13:30","32.39"
"2018-09-18 13:35","32.04"
"2018-09-18 13:40","31.27"
"2018-09-18 13:45","15.07"
"2018-09-18 13:50","33.12"
"2018-09-18 13:55","33.39"
"2018-09-18 14:00","31.83"
"2018-09-18 14:05","32.02"
"2018-09-18 14:10","33.51"
"2018-09-18 14:15","27.17"
"2018-09-18 14:20","32.62"
"2018-09-18 14:25","31.34"
"2018-09-18 14:30","32.87"
"2018-09-18 14:35","33.01"
"2018-09-18 14:40","34.0"
"2018-09-18 14:45","32.33"
"2018-09-18 14:50","32.48"
"2018-09-18 14:55","32.82"
"2018-09-18 15:00","32.85"
"2018-09-18 15:05","31.89"
"2018-09-18 15:10","32.31"
"2018-09-18 15:15","32.33"
"2018-09-18 15:20","32.34"
"2018-09-18 15:25","31.6"
"2018-09-18 15:30","31.3"
"2018-09-18 15:35","31.05"
"2018-09-18 15:40","30.86"
"2018-09-18 15:45","31.05"
"2018-09-18 15:50","30.73"
"2018-09-18 15:55","32.25"
"2018-09-18 16:00","30.98"
"2018-09-18 16:05","31.9"
"2018-09-18 16:10","24.34"
"2018-09-18 16:15","28.89"
"2018-09-18 16:20","34.57"
"2018-09-18 16:25","33.19"
"2018-09-18 16:30","33.02"
"2018-09-18 16:35","35.59"
"2018-09-18 16:40","30.14"
"2018-09-18 16:45","30.59"
"2018-09-18 16:50","30.14"
"2018-09-18 16:55","30.38"
"2018-09-18 17:00","33.05"
"2018-09-18 17:05","31.71"
"2018-09-18 17:10","32.17"
"2018-09-18 17:15","11.55"
"2018-09-18 17:20","34.24"
"2018-09-18 17:25","33.33"
"2018-09-18 17:30","31.53"
"2018-09-18 17:35","33.17"
"2018-09-18 17:40","33.62"
"2018-09-18 17:45","31.6"
"2018-09-18 17:50","33.96"
"2018-09-18 17:55","33.45"
"2018-09-18 18:00","33.04"
"2018-09-18 18:05","19.97"
"2018-09-18 18:10","33.62"
"2018-09-18 18:15","35.03"
"2018-09-18 18:20","34.29"
"2018-09-18 18:25","33.27"
"2018-09-18 18:30","32.96"
"2018-09-18 18:35","33.73"
"2018-09-18 18:40","31.69"
"2018-09-18 18:45","30.59"
"2018-09-18 18:50","29.34"
"2018-09-18 18:55","28.28"
"2018-09-18 19:00","29.54"
"2018-09-18 19:05","30.68"
"2018-09-18 19:10","31.88"
"2018-09-18 19:15","31.65"
"2018-09-18 19:20","31.62"
"2018-09-18 19:25","32.07"
"2018-09-18 19:30","33.23"
"2018-09-18 19:35","31.73"
"2018-09-18 19:40","30.93"
"2018-09-18 19:45","30.8"
"2018-09-18 19:50","21.4"
"2018-09-18 19:55","29.05"
"2018-09-18 20:00","30.01"
"2018-09-18 20:05","31.44"
"2018-09-18 20:10","31.11"
"2018-09-18 20:15","30.4"
"2018-09-18 20:20","31.96"
"2018-09-18 20:25","30.84"
"2018-09-18 20:30","30.67"
"2018-09-18 20:35","29.23"
"2018-09-18 20:40","27.12"
"2018-09-18 20:45","29.72"
"2018-09-18 20:50","29.18"
"2018-09-18 20:55","30.01"
"2018-09-18 21:00","29.61"
"2018-09-18 21:05","24.75"
"2018-09-18 21:10","12.33"
"2018-09-18 21:15","28.6"
"2018-09-18 21:20","28.47"
"2018-09-18 21:25","27.54"
"2018-09-18 21:30","16.94"
"2018-09-18 21:35","11.67"
"2018-09-18 21:40","10.38"
"2018-09-18 21:45","8.55"
"2018-09-18 21:50","8.64"
"2018-09-18 21:55","7.66"
"2018-09-18 22:00","7.84"
"2018-09-18 22:05","7.66"
"2018-09-18 22:10","7.5"
"2018-09-18 22:15","7.67"
"2018-09-18 22:20","8.87"
"2018-09-18 22:25","6.9"
"2018-09-18 22:30","7.37"
"2018-09-18 22:35","7.32"
"2018-09-18 22:40","7.94"
"2018-09-18 22:45","7.79"
"2018-09-18 22:50","7.84"
"2018-09-18 22:55","7.28"
"2018-09-18 23:00","7.41"
"2018-09-18 23:05","7.55"
"2018-09-18 23:10","7.58"
"2018-09-18 23:15","7.64"
"2018-09-18 23:20","7.22"
"2018-09-18 23:25","8.54"
"2018-09-18 23:30","7.5"
"2018-09-18 23:35","7.08"
"2018-09-18 23:40","8.0"
"2018-09-18 23:45","6.8"
"2018-09-18 23:50","7.3"
"2018-09-18 23:55","7.8"
"2018-09-19 00:00","7.46"
"2018-09-19 00:05","7.33"
"2018-09-19 00:10","8.0"
"2018-09-19 00:15","6.47"
"2018-09-19 00:20","7.5"
"2018-09-19 00:25","7.55"
"2018-09-19 00:30","7.53"
"2018-09-19 00:35","7.5"
"2018-09-19 00:40","7.66"
"2018-09-19 00:45","7.1"
"2018-09-19 00:50","7.44"
"2018-09-19 00:55","8.18"
"2018-09-19 01:00","7.48"
"2018-09-19 01:05","7.69"
"2018-09-19 01:10","7.27"
"2018-09-19 01:15","7.24"
"2018-09-19 01:20","7.71"
"2018-09-19 01:25","7.37"
"2018-09-19 01:30","7.88"
"2018-09-19 01:35","7.55"
"2018-09-19 01:40","7.82"
"2018-09-19 01:45","7.12"
"2018-09-19 01:50","7.35"
"2018-09-19 01:55","7.38"
"2018-09-19 02:00","8.49"
"2018-09-19 02:05","7.64"
"2018-09-19 02:10","7.25"
"2018-09-19 02:15","7.03"
"2018-09-19 02:20","7.28"
"2018-09-19 02:25","7.99"
"2018-09-19 02:30","8.21"
"2018-09-19 02:35","7.2"
"2018-09-19 02:40","7.14"
"2018-09-19 02:45","7.6"
"2018-09-19 02:50","7.63"
"2018-09-19 02:55","7.45"
"2018-09-19 03:00","7.66"
"2018-09-19 03:05","7.45"
"2018-09-19 03:10","7.78"
"2018-09-19 03:15","7.14"
"2018-09-19 03:20","7.46"
"2018-09-19 03:25","7.49"
"2018-09-19 03:30","7.62"
"2018-09-19 03:35","8.2"
"2018-09-19 03:40","7.08"
"2018-09-19 03:45","7.05"
"2018-09-19 03:50","7.23"
"2018-09-19 03:55","8.18"
"2018-09-19 04:00","7.62"
"2018-09-19 04:05","7.62"
"2018-09-19 04:10","7.13"
"2018-09-19 04:15","7.24"
"2018-09-19 04:20","7.94"
"2018-09-19 04:25","7.55"
"2018-09-19 04:30","7.37"
"2018-09-19 04:35","7.58"
"2018-09-19 04:40","7.53"
"2018-09-19 04:45","7.85"
"2018-09-19 04:50","7.22"
"2018-09-19 04:55","7.67"
"2018-09-19 05:00","7.4"
"2018-09-19 05:05","7.78"
"2018-09-19 05:10","7.0"
"2018-09-19 05:15","7.48"
"2018-09-19 05:20","7.4"
"2018-09-19 05:25","7.74"
"2018-09-19 05:30","7.53"
"2018-09-19 05:35","7.47"
"2018-09-19 05:40","7.53"
"2018-09-19 05:45","7.43"
"2018-09-19 05:50","7.3"
"2018-09-19 05:55","8.1"
"2018-09-19 06:00","6.99"
"2018-09-19 06:05","7.21"
"2018-09-19 06:10","7.88"
"2018-09-19 06:15","7.47"
"2018-09-19 06:20","7.59"
"2018-09-19 06:25","7.66"
"2018-09-19 06:30","7.34"
"2018-09-19 06:35","7.0"
"2018-09-19 06:40","9.8"
"2018-09-19 06:45","9.14"
"2018-09-19 06:50","6.7"
"2018-09-19 06:55","7.87"
"2018-09-19 07:00","7.45"
"2018-09-19 07:05","7.83"
"2018-09-19 07:10","8.01"
"2018-09-19 07:15","6.89"
"2018-09-19 07:20","7.42"
"2018-09-19 07:25","8.09"
"2018-09-19 07:30","7.18"
"2018-09-19 07:35","6.97"
"2018-09-19 07:40","7.44"
"2018-09-19 07:45","7.09"
"2018-09-19 07:50","7.31"
"2018-09-19 07:55","7.81"
"2018-09-19 08:00","6.71"
"2018-09-19 08:05","6.62"
"2018-09-19 08:10","6.73"
"2018-09-19 08:15","5.59"
"2018-09-19 08:20","6.82"
"2018-09-19 08:25","6.91"
"2018-09-19 08:30","7.11"
"2018-09-19 08:35","6.48"
"2018-09-19 08:40","6.97"
"2018-09-19 08:45","6.37"
"2018-09-19 08:50","5.77"
"2018-09-19 08:55","6.96"
"2018-09-19 09:00","6.69"
"2018-09-19 09:05","7.8"
"2018-09-19 09:10","6.31"
"2018-09-19 09:15","7.27"
"2018-09-19 09:20","7.59"
"2018-09-19 09:25","6.88"
"2018-09-19 09:30","7.13"
"2018-09-19 09:35","7.19"
"2018-09-19 09:40","7.18"
"2018-09-19 09:45","7.39"
"2018-09-19 09:50","6.58"
"2018-09-19 09:55","8.0"
"2018-09-19 10:00","7.2"
"2018-09-19 10:05","7.75"
"2018-09-19 10:10","6.51"
"2018-09-19 10:15","8.17"
"2018-09-19 10:20","6.61"
"2018-09-19 10:25","6.79"
"2018-09-19 10:30","6.61"
"2018-09-19 10:35","7.04"
"2018-09-19 10:40","8.21"
"2018-09-19 10:45","8.43"
"2018-09-19 10:50","7.2"
"2018-09-19 10:55","7.49"
"2018-09-19 11:00","7.78"
"2018-09-19 11:05","7.46"
"2018-09-19 11:10","8.04"
"2018-09-19 11:15","8.33"
"2018-09-19 11:20","9.29"
"2018-09-19 11:25","9.71"
"2018-09-19 11:30","8.17"
"2018-09-19 11:35","6.62"
"2018-09-19 11:40","8.92"
"2018-09-19 11:45","9.57"
"2018-09-19 11:50","8.37"
"2018-09-19 11:55","9.06"
"2018-09-19 12:00","9.45"
"2018-09-19 12:05","9.11"
"2018-09-19 12:10","8.3"
"2018-09-19 12:15","9.65"
"2018-09-19 12:20","10.52"
"2018-09-19 12:25","9.4"
"2018-09-19 12:30","9.17"
"2018-09-19 12:35","8.56"
"2018-09-19 12:40","8.15"
"2018-09-19 12:45","10.08"
"2018-09-19 12:50","11.06"
"2018-09-19 12:55","10.04"
"2018-09-19 13:00","10.69"
"2018-09-19 13:05","10.66"
"2018-09-19 13:10","9.73"
"2018-09-19 13:15","9.01"
"2018-09-19 13:20","6.86"
"2018-09-19 13:25","9.33"
"2018-09-19 13:30","7.93"
"2018-09-19 13:35","8.0"
"2018-09-19 13:40","3.29"
"2018-09-19 13:45","8.0"
"2018-09-19 13:50","8.21"
"2018-09-19 13:55","8.55"
"2018-09-19 14:00","8.56"
"2018-09-19 14:05","8.6"
"2018-09-19 14:10","7.57"
"2018-09-19 14:15","7.69"
"2018-09-19 14:20","9.13"
"2018-09-19 14:25","8.22"
"2018-09-19 14:30","7.58"
"2018-09-19 14:35","8.21"
"2018-09-19 14:40","8.46"
"2018-09-19 14:45","9.04"
"2018-09-19 14:50","7.33"
"2018-09-19 14:55","8.82"
"2018-09-19 15:00","8.23"
"2018-09-19 15:05","9.43"
"2018-09-19 15:10","7.41"
"2018-09-19 15:15","7.31"
"2018-09-19 15:20","7.63"
"2018-09-19 15:25","8.27"
"2018-09-19 15:30","8.42"
"2018-09-19 15:35","7.02"
"2018-09-19 15:40","7.41"
"2018-09-19 15:45","7.85"
"2018-09-19 15:50","8.77"
"2018-09-19 15:55","7.82"
"2018-09-19 16:00","7.27"
"2018-09-19 16:05","8.02"
"2018-09-19 16:10","8.19"
"2018-09-19 16:15","7.56"
"2018-09-19 16:20","7.3"
"2018-09-19 16:25","7.1"
"2018-09-19 16:30","7.09"
"2018-09-19 16:35","10.65"
"2018-09-19 16:40","7.21"
"2018-09-19 16:45","8.0"
"2018-09-19 16:50","7.83"
"2018-09-19 16:55","9.52"
"2018-09-19 17:00","9.11"
"2018-09-19 17:05","8.78"
"2018-09-19 17:10","10.09"
"2018-09-19 17:15","7.59"
"2018-09-19 17:20","9.76"
"2018-09-19 17:25","7.91"
"2018-09-19 17:30","7.55"
"2018-09-19 17:35","7.77"
"2018-09-19 17:40","8.87"
"2018-09-19 17:45","8.79"
"2018-09-19 17:50","8.5"
"2018-09-19 17:55","7.52"
"2018-09-19 18:00","7.56"
"2018-09-19 18:05","7.81"
"2018-09-19 18:10","7.55"
"2018-09-19 18:15","6.92"
"2018-09-19 18:20","6.96"
"2018-09-19 18:25","7.09"
"2018-09-19 18:30","7.25"
"2018-09-19 18:35","6.76"
"2018-09-19 18:40","6.67"
"2018-09-19 18:45","7.16"
"2018-09-19 18:50","7.58"
"2018-09-19 18:55","7.33"
"2018-09-19 19:00","6.06"
"2018-09-19 19:05","7.39"
"2018-09-19 19:10","7.71"
"2018-09-19 19:15","7.94"
"2018-09-19 19:20","7.7"
"2018-09-19 19:25","8.25"
"2018-09-19 19:30","8.88"
"2018-09-19 19:35","8.02"
"2018-09-19 19:40","7.5"
"2018-09-19 19:45","7.24"
"2018-09-19 19:50","7.94"
"2018-09-19 19:55","8.48"
"2018-09-19 20:00","8.41"
"2018-09-19 20:05","8.87"
"2018-09-19 20:10","7.56"
"2018-09-19 20:15","8.43"
"2018-09-19 20:20","8.09"
"2018-09-19 20:25","7.85"
"2018-09-19 20:30","7.99"
"2018-09-19 20:35","7.85"
"2018-09-19 20:40","7.95"
"2018-09-19 20:45","7.91"
"2018-09-19 20:50","8.22"
"2018-09-19 20:55","7.69"
"2018-09-19 21:00","8.07"
"2018-09-19 21:05","8.15"
"2018-09-19 21:10","7.98"
"2018-09-19 21:15","7.7"
"2018-09-19 21:20","8.08"
"2018-09-19 21:25","7.87"
"2018-09-19 21:30","8.44"
"2018-09-19 21:35","8.34"
"2018-09-19 21:40","7.53"
"2018-09-19 21:45","7.19"
"2018-09-19 21:50","8.09"
"2018-09-19 21:55","8.11"
"2018-09-19 22:00","8.48"
"2018-09-19 22:05","8.06"
"2018-09-19 22:10","7.66"
"2018-09-19 22:15","8.0"
"2018-09-19 22:20","7.72"
"2018-09-19 22:25","8.75"
"2018-09-19 22:30","8.83"
"2018-09-19 22:35","8.58"
"2018-09-19 22:40","7.93"
"2018-09-19 22:45","7.6"
"2018-09-19 22:50","7.89"
"2018-09-19 22:55","8.1"
"2018-09-19 23:00","8.04"
"2018-09-19 23:05","8.37"
"2018-09-19 23:10","7.24"
"2018-09-19 23:15","7.17"
"2018-09-19 23:20","7.8"
"2018-09-19 23:25","8.38"
"2018-09-19 23:30","7.17"
"2018-09-19 23:35","7.36"
"2018-09-19 23:40","6.68"
"2018-09-19 23:45","7.32"
"2018-09-19 23:50","8.24"
"2018-09-19 23:55","7.56"
"2018-09-20 00:00","7.8"
"2018-09-20 00:05","7.09"
"2018-09-20 00:10","7.28"
"2018-09-20 00:15","7.42"
"2018-09-20 00:20","7.55"
"2018-09-20 00:25","7.63"
"2018-09-20 00:30","7.39"
"2018-09-20 00:35","7.53"
"2018-09-20 00:40","7.01"
"2018-09-20 00:45","7.65"
"2018-09-20 00:50","7.73"
"2018-09-20 00:55","7.91"
"2018-09-20 01:00","7.77"
"2018-09-20 01:05","7.79"
"2018-09-20 01:10","7.36"
"2018-09-20 01:15","7.75"
"2018-09-20 01:20","8.4"
"2018-09-20 01:25","8.33"
"2018-09-20 01:30","7.74"
"2018-09-20 01:35","7.98"
"2018-09-20 01:40","9.02"
"2018-09-20 01:45","8.06"
"2018-09-20 01:50","8.67"
"2018-09-20 01:55","7.38"
"2018-09-20 02:00","8.17"
"2018-09-20 02:05","7.77"
"2018-09-20 02:10","7.76"
"2018-09-20 02:15","7.82"
"2018-09-20 02:20","8.38"
"2018-09-20 02:25","7.79"
"2018-09-20 02:30","7.84"
"2018-09-20 02:35","8.2"
"2018-09-20 02:40","7.36"
"2018-09-20 02:45","8.03"
"2018-09-20 02:50","8.87"
"2018-09-20 02:55","8.2"
"2018-09-20 03:00","7.93"
"2018-09-20 03:05","7.39"
"2018-09-20 03:10","7.33"
"2018-09-20 03:15","7.89"
"2018-09-20 03:20","8.48"
"2018-09-20 03:25","8.06"
"2018-09-20 03:30","7.93"
"2018-09-20 03:35","7.15"
"2018-09-20 03:40","7.66"
"2018-09-20 03:45","7.64"
"2018-09-20 03:50","7.05"
"2018-09-20 03:55","7.5"
"2018-09-20 04:00","7.35"
"2018-09-20 04:05","7.22"
"2018-09-20 04:10","7.88"
"2018-09-20 04:15","7.17"
"2018-09-20 04:20","7.79"
"2018-09-20 04:25","7.38"
"2018-09-20 04:30","7.34"
"2018-09-20 04:35","7.48"
"2018-09-20 04:40","7.39"
"2018-09-20 04:45","7.15"
"2018-09-20 04:50","7.28"
"2018-09-20 04:55","10.27"
"2018-09-20 05:00","10.06"
"2018-09-20 05:05","7.01"
"2018-09-20 05:10","8.15"
"2018-09-20 05:15","7.42"
"2018-09-20 05:20","8.2"
"2018-09-20 05:25","8.25"
"2018-09-20 05:30","8.23"
"2018-09-20 05:35","8.07"
"2018-09-20 05:40","9.26"
"2018-09-20 05:45","9.25"
"2018-09-20 05:50","8.72"
"2018-09-20 05:55","8.76"
"2018-09-20 06:00","7.84"
"2018-09-20 06:05","7.68"
"2018-09-20 06:10","8.37"
"2018-09-20 06:15","8.52"
"2018-09-20 06:20","8.01"
"2018-09-20 06:25","8.19"
"2018-09-20 06:30","7.13"
"2018-09-20 06:35","7.73"
"2018-09-20 06:40","8.12"
"2018-09-20 06:45","7.6"
"2018-09-20 06:50","8.48"
"2018-09-20 06:55","12.98"
"2018-09-20 07:00","13.2"
"2018-09-20 07:05","26.4"
"2018-09-20 07:10","29.49"
"2018-09-20 07:15","30.41"
"2018-09-20 07:20","29.73"
"2018-09-20 07:25","28.07"
"2018-09-20 07:30","28.09"
"2018-09-20 07:35","28.35"
"2018-09-20 07:40","27.12"
"2018-09-20 07:45","28.76"
"2018-09-20 07:50","28.19"
"2018-09-20 07:55","29.01"
"2018-09-20 08:00","29.48"
"2018-09-20 08:05","12.58"
"2018-09-20 08:10","25.31"
"2018-09-20 08:15","27.37"
"2018-09-20 08:20","27.55"
"2018-09-20 08:25","26.92"
"2018-09-20 08:30","26.75"
"2018-09-20 08:35","27.42"
"2018-09-20 08:40","28.85"
"2018-09-20 08:45","28.29"
"2018-09-20 08:50","28.86"
"2018-09-20 08:55","28.56"
"2018-09-20 09:00","30.91"
"2018-09-20 09:05","27.39"
"2018-09-20 09:10","26.92"
"2018-09-20 09:15","28.65"
"2018-09-20 09:20","30.03"
"2018-09-20 09:25","32.19"
"2018-09-20 09:30","32.04"
"2018-09-20 09:35","30.18"
"2018-09-20 09:40","29.78"
"2018-09-20 09:45","32.19"
"2018-09-20 09:50","30.32"
"2018-09-20 09:55","28.02"
"2018-09-20 10:00","29.37"
"2018-09-20 10:05","29.68"
"2018-09-20 10:10","29.54"
"2018-09-20 10:15","29.56"
"2018-09-20 10:20","30.2"
"2018-09-20 10:25","32.18"
"2018-09-20 10:30","30.32"
"2018-09-20 10:35","29.4"
"2018-09-20 10:40","30.91"
"2018-09-20 10:45","32.17"
"2018-09-20 10:50","32.1"
"2018-09-20 10:55","32.63"
"2018-09-20 11:00","31.78"
"2018-09-20 11:05","30.15"
"2018-09-20 11:10","30.59"
"2018-09-20 11:15","30.68"
"2018-09-20 11:20","31.63"
"2018-09-20 11:25","32.65"
"2018-09-20 11:30","32.47"
"2018-09-20 11:35","30.95"
"2018-09-20 11:40","32.11"
"2018-09-20 11:45","31.08"
"2018-09-20 11:50","32.47"
"2018-09-20 11:55","31.92"
"2018-09-20 12:00","31.11"
"2018-09-20 12:05","30.17"
"2018-09-20 12:10","32.73"
"2018-09-20 12:15","35.92"
"2018-09-20 12:20","32.12"
"2018-09-20 12:25","30.56"
"2018-09-20 12:30","32.21"
"2018-09-20 12:35","33.81"
"2018-09-20 12:40","32.98"
"2018-09-20 12:45","32.38"
"2018-09-20 12:50","31.72"
"2018-09-20 12:55","30.9"
"2018-09-20 13:00","32.24"
"2018-09-20 13:05","34.15"
"2018-09-20 13:10","33.73"
"2018-09-20 13:15","36.95"
"2018-09-20 13:20","37.14"
"2018-09-20 13:25","37.69"
"2018-09-20 13:30","38.47"
"2018-09-20 13:35","34.25"
"2018-09-20 13:40","33.65"
"2018-09-20 13:45","34.08"
"2018-09-20 13:50","33.9"
"2018-09-20 13:55","34.54"
"2018-09-20 14:00","35.55"
"2018-09-20 14:05","32.32"
"2018-09-20 14:10","32.55"
"2018-09-20 14:15","34.8"
"2018-09-20 14:20","36.69"
"2018-09-20 14:25","38.02"
"2018-09-20 14:30","35.59"
"2018-09-20 14:35","34.03"
"2018-09-20 14:40","33.46"
"2018-09-20 14:45","33.22"
"2018-09-20 14:50","20.0"
"2018-09-20 14:55","36.6"
"2018-09-20 15:00","40.08"
"2018-09-20 15:05","37.58"
"2018-09-20 15:10","34.88"
"2018-09-20 15:15","37.19"
"2018-09-20 15:20","36.58"
"2018-09-20 15:25","36.42"
"2018-09-20 15:30","33.58"
"2018-09-20 15:35","33.43"
"2018-09-20 15:40","34.42"
"2018-09-20 15:45","33.72"
"2018-09-20 15:50","31.06"
"2018-09-20 15:55","32.09"
"2018-09-20 16:00","31.53"
"2018-09-20 16:05","31.08"
"2018-09-20 16:10","31.91"
"2018-09-20 16:15","33.22"
"2018-09-20 16:20","31.46"
"2018-09-20 16:25","31.73"
"2018-09-20 16:30","31.14"
"2018-09-20 16:35","31.19"
"2018-09-20 16:40","32.17"
"2018-09-20 16:45","32.54"
"2018-09-20 16:50","31.48"
"2018-09-20 16:55","31.45"
"2018-09-20 17:00","31.38"
"2018-09-20 17:05","31.36"
"2018-09-20 17:10","31.38"
"2018-09-20 17:15","33.3"
"2018-09-20 17:20","34.23"
"2018-09-20 17:25","36.1"
"2018-09-20 17:30","33.3"
"2018-09-20 17:35","29.79"
"2018-09-20 17:40","33.75"
"2018-09-20 17:45","33.85"
"2018-09-20 17:50","33.08"
"2018-09-20 17:55","33.13"
"2018-09-20 18:00","9.55"
"2018-09-20 18:05","31.71"
"2018-09-20 18:10","30.82"
"2018-09-20 18:15","31.4"
"2018-09-20 18:20","27.08"
"2018-09-20 18:25","32.38"
"2018-09-20 18:30","32.03"
"2018-09-20 18:35","31.5"
"2018-09-20 18:40","32.11"
"2018-09-20 18:45","31.88"
"2018-09-20 18:50","30.86"
"2018-09-20 18:55","31.57"
"2018-09-20 19:00","31.64"
"2018-09-20 19:05","32.13"
"2018-09-20 19:10","31.7"
"2018-09-20 19:15","33.18"
"2018-09-20 19:20","33.22"
"2018-09-20 19:25","31.62"
"2018-09-20 19:30","29.97"
"2018-09-20 19:35","29.91"
"2018-09-20 19:40","30.3"
"2018-09-20 19:45","32.35"
"2018-09-20 19:50","30.6"
"2018-09-20 19:55","29.82"
"2018-09-20 20:00","9.06"
"2018-09-20 20:05","30.43"
"2018-09-20 20:10","30.44"
"2018-09-20 20:15","29.32"
"2018-09-20 20:20","29.88"
"2018-09-20 20:25","30.85"
"2018-09-20 20:30","29.25"
"2018-09-20 20:35","31.18"
"2018-09-20 20:40","30.61"
"2018-09-20 20:45","29.57"
"2018-09-20 20:50","28.61"
"2018-09-20 20:55","22.92"
"2018-09-20 21:00","29.05"
"2018-09-20 21:05","30.97"
"2018-09-20 21:10","31.62"
"2018-09-20 21:15","28.83"
"2018-09-20 21:20","29.92"
"2018-09-20 21:25","28.09"
"2018-09-20 21:30","28.25"
"2018-09-20 21:35","22.03"
"2018-09-20 21:40","11.0"
"2018-09-20 21:45","10.7"
"2018-09-20 21:50","10.73"
"2018-09-20 21:55","10.12"
"2018-09-20 22:00","8.06"
"2018-09-20 22:05","7.99"
"2018-09-20 22:10","8.33"
"2018-09-20 22:15","7.98"
"2018-09-20 22:20","8.22"
"2018-09-20 22:25","7.84"
"2018-09-20 22:30","8.45"
"2018-09-20 22:35","8.23"
"2018-09-20 22:40","7.75"
"2018-09-20 22:45","7.69"
"2018-09-20 22:50","7.58"
"2018-09-20 22:55","8.65"
"2018-09-20 23:00","8.34"
"2018-09-20 23:05","8.46"
"2018-09-20 23:10","8.75"
"2018-09-20 23:15","8.12"
"2018-09-20 23:20","8.43"
"2018-09-20 23:25","8.19"
"2018-09-20 23:30","6.6"
"2018-09-20 23:35","8.0"
"2018-09-20 23:40","7.87"
"2018-09-20 23:45","8.77"
"2018-09-20 23:50","8.4"
"2018-09-20 23:55","7.87"
"2018-09-21 00:00","7.97"
"2018-09-21 00:05","7.73"
"2018-09-21 00:10","8.28"
"2018-09-21 00:15","7.96"
"2018-09-21 00:20","8.38"
"2018-09-21 00:25","7.88"
"2018-09-21 00:30","6.9"
"2018-09-21 00:35","7.92"
"2018-09-21 00:40","7.75"
"2018-09-21 00:45","8.18"
"2018-09-21 00:50","8.56"
"2018-09-21 00:55","7.83"
"2018-09-21 01:00","7.7"
"2018-09-21 01:05","7.92"
"2018-09-21 01:10","8.11"
"2018-09-21 01:15","8.0"
"2018-09-21 01:20","8.6"
"2018-09-21 01:25","7.79"
"2018-09-21 01:30","7.69"
"2018-09-21 01:35","7.75"
"2018-09-21 01:40","8.95"
"2018-09-21 01:45","7.88"
"2018-09-21 01:50","8.12"
"2018-09-21 01:55","7.91"
"2018-09-21 02:00","7.98"
"2018-09-21 02:05","8.05"
"2018-09-21 02:10","7.97"
"2018-09-21 02:15","8.02"
"2018-09-21 02:20","8.32"
"2018-09-21 02:25","8.44"
"2018-09-21 02:30","7.86"
"2018-09-21 02:35","7.77"
"2018-09-21 02:40","7.96"
"2018-09-21 02:45","8.57"
"2018-09-21 02:50","8.22"
"2018-09-21 02:55","7.65"
"2018-09-21 03:00","8.46"
"2018-09-21 03:05","7.9"
"2018-09-21 03:10","8.27"
"2018-09-21 03:15","8.38"
"2018-09-21 03:20","8.04"
"2018-09-21 03:25","7.82"
"2018-09-21 03:30","7.83"
"2018-09-21 03:35","8.63"
"2018-09-21 03:40","8.03"
"2018-09-21 03:45","7.95"
"2018-09-21 03:50","8.22"
"2018-09-21 03:55","7.99"
"2018-09-21 04:00","8.3"
"2018-09-21 04:05","8.01"
"2018-09-21 04:10","8.21"
"2018-09-21 04:15","8.03"
"2018-09-21 04:20","9.09"
"2018-09-21 04:25","8.17"
"2018-09-21 04:30","7.53"
"2018-09-21 04:35","7.96"
"2018-09-21 04:40","8.32"
"2018-09-21 04:45","8.24"
"2018-09-21 04:50","8.22"
"2018-09-21 04:55","8.03"
"2018-09-21 05:00","7.87"
"2018-09-21 05:05","7.89"
"2018-09-21 05:10","8.71"
"2018-09-21 05:15","8.76"
"2018-09-21 05:20","7.66"
"2018-09-21 05:25","8.08"
"2018-09-21 05:30","8.04"
"2018-09-21 05:35","7.73"
"2018-09-21 05:40","8.86"
"2018-09-21 05:45","9.2"
"2018-09-21 05:50","9.12"
"2018-09-21 05:55","7.46"
"2018-09-21 06:00","7.34"
"2018-09-21 06:05","8.04"
"2018-09-21 06:10","7.29"
"2018-09-21 06:15","7.73"
"2018-09-21 06:20","9.2"
"2018-09-21 06:25","10.47"
"2018-09-21 06:30","9.76"
"2018-09-21 06:35","15.84"
"2018-09-21 06:40","26.2"
"2018-09-21 06:45","27.07"
"2018-09-21 06:50","28.08"
"2018-09-21 06:55","27.76"
"2018-09-21 07:00","28.2"
"2018-09-21 07:05","27.41"
"2018-09-21 07:10","26.72"
"2018-09-21 07:15","27.3"
"2018-09-21 07:20","27.85"
"2018-09-21 07:25","27.55"
"2018-09-21 07:30","26.42"
"2018-09-21 07:35","26.35"
"2018-09-21 07:40","26.98"
"2018-09-21 07:45","27.25"
"2018-09-21 07:50","25.84"
"2018-09-21 07:55","25.96"
"2018-09-21 08:00","26.51"
"2018-09-21 08:05","22.96"
"2018-09-21 08:10","26.78"
"2018-09-21 08:15","26.75"
"2018-09-21 08:20","26.94"
"2018-09-21 08:25","27.47"
"2018-09-21 08:30","28.73"
"2018-09-21 08:35","27.7"
"2018-09-21 08:40","27.62"
"2018-09-21 08:45","27.35"
"2018-09-21 08:50","28.78"
"2018-09-21 08:55","11.98"
"2018-09-21 09:00","13.73"
"2018-09-21 09:05","27.9"
"2018-09-21 09:10","28.28"
"2018-09-21 09:15","30.8"
"2018-09-21 09:20","33.6"
"2018-09-21 09:25","32.07"
"2018-09-21 09:30","34.59"
"2018-09-21 09:35","35.61"
"2018-09-21 09:40","34.64"
"2018-09-21 09:45","36.02"
"2018-09-21 09:50","32.78"
"2018-09-21 09:55","37.44"
"2018-09-21 10:00","34.77"
"2018-09-21 10:05","38.12"
"2018-09-21 10:10","36.06"
"2018-09-21 10:15","34.41"
"2018-09-21 10:20","33.89"
"2018-09-21 10:25","36.07"
"2018-09-21 10:30","40.03"
"2018-09-21 10:35","39.13"
"2018-09-21 10:40","36.69"
"2018-09-21 10:45","22.58"
"2018-09-21 10:50","37.81"
"2018-09-21 10:55","39.0"
"2018-09-21 11:00","37.04"
"2018-09-21 11:05","36.8"
"2018-09-21 11:10","38.67"
"2018-09-21 11:15","37.58"
"2018-09-21 11:20","37.28"
"2018-09-21 11:25","31.73"
"2018-09-21 11:30","36.91"
"2018-09-21 11:35","36.22"
"2018-09-21 11:40","36.5"
"2018-09-21 11:45","36.98"
"2018-09-21 11:50","35.95"
"2018-09-21 11:55","35.64"
"2018-09-21 12:00","33.97"
"2018-09-21 12:05","34.35"
"2018-09-21 12:10","35.13"
"2018-09-21 12:15","35.23"
"2018-09-21 12:20","35.7"
"2018-09-21 12:25","36.06"
"2018-09-21 12:30","34.16"
"2018-09-21 12:35","32.0"
"2018-09-21 12:40","34.82"
"2018-09-21 12:45","25.38"
"2018-09-21 12:50","34.94"
"2018-09-21 12:55","36.2"
"2018-09-21 13:00","36.23"
"2018-09-21 13:05","40.09"
"2018-09-21 13:10","39.32"
"2018-09-21 13:15","37.71"
"2018-09-21 13:20","35.58"
"2018-09-21 13:25","36.96"
"2018-09-21 13:30","38.87"
"2018-09-21 13:35","37.48"
"2018-09-21 13:40","25.02"
"2018-09-21 13:45","34.21"
"2018-09-21 13:50","33.6"
"2018-09-21 13:55","12.05"
"2018-09-21 14:00","37.07"
"2018-09-21 14:05","37.12"
"2018-09-21 14:10","36.14"
"2018-09-21 14:15","27.49"
"2018-09-21 14:20","37.02"
"2018-09-21 14:25","19.59"
"2018-09-21 14:30","38.17"
"2018-09-21 14:35","37.72"
"2018-09-21 14:40","37.8"
"2018-09-21 14:45","38.56"
"2018-09-21 14:50","41.9"
"2018-09-21 14:55","37.4"
"2018-09-21 15:00","36.83"
"2018-09-21 15:05","38.82"
"2018-09-21 15:10","39.37"
"2018-09-21 15:15","39.31"
"2018-09-21 15:20","23.19"
"2018-09-21 15:25","35.15"
"2018-09-21 15:30","38.44"
"2018-09-21 15:35","37.41"
"2018-09-21 15:40","37.12"
"2018-09-21 15:45","37.1"
"2018-09-21 15:50","37.29"
"2018-09-21 15:55","16.9"
"2018-09-21 16:00","12.27"
"2018-09-21 16:05","33.58"
"2018-09-21 16:10","37.32"
"2018-09-21 16:15","36.81"
"2018-09-21 16:20","36.01"
"2018-09-21 16:25","37.95"
"2018-09-21 16:30","34.13"
"2018-09-21 16:35","33.15"
"2018-09-21 16:40","34.94"
"2018-09-21 16:45","37.08"
"2018-09-21 16:50","37.05"
"2018-09-21 16:55","37.52"
"2018-09-21 17:00","32.65"
"2018-09-21 17:05","23.89"
"2018-09-21 17:10","35.84"
"2018-09-21 17:15","31.78"
"2018-09-21 17:20","35.37"
"2018-09-21 17:25","36.21"
"2018-09-21 17:30","35.34"
"2018-09-21 17:35","35.79"
"2018-09-21 17:40","38.11"
"2018-09-21 17:45","38.53"
"2018-09-21 17:50","37.24"
"2018-09-21 17:55","37.09"
"2018-09-21 18:00","33.45"
"2018-09-21 18:05","37.63"
"2018-09-21 18:10","31.02"
"2018-09-21 18:15","37.72"
"2018-09-21 18:20","39.64"
"2018-09-21 18:25","36.69"
"2018-09-21 18:30","32.45"
"2018-09-21 18:35","32.27"
"2018-09-21 18:40","31.79"
"2018-09-21 18:45","31.31"
"2018-09-21 18:50","31.63"
"2018-09-21 18:55","33.46"
"2018-09-21 19:00","30.95"
"2018-09-21 19:05","30.9"
"2018-09-21 19:10","32.66"
"2018-09-21 19:15","33.94"
"2018-09-21 19:20","31.39"
"2018-09-21 19:25","29.71"
"2018-09-21 19:30","28.88"
"2018-09-21 19:35","29.29"
"2018-09-21 19:40","33.05"
"2018-09-21 19:45","36.0"
"2018-09-21 19:50","36.37"
"2018-09-21 19:55","35.58"
"2018-09-21 20:00","32.76"
"2018-09-21 20:05","33.18"
"2018-09-21 20:10","34.72"
"2018-09-21 20:15","35.43"
"2018-09-21 20:20","33.96"
"2018-09-21 20:25","32.1"
"2018-09-21 20:30","31.87"
"2018-09-21 20:35","32.7"
"2018-09-21 20:40","32.42"
"2018-09-21 20:45","32.09"
"2018-09-21 20:50","31.85"
"2018-09-21 20:55","32.53"
"2018-09-21 21:00","21.38"
"2018-09-21 21:05","14.85"
"2018-09-21 21:10","14.5"
"2018-09-21 21:15","14.45"
"2018-09-21 21:20","14.41"
"2018-09-21 21:25","14.74"
"2018-09-21 21:30","14.32"
"2018-09-21 21:35","14.65"
"2018-09-21 21:40","14.74"
"2018-09-21 21:45","14.64"
"2018-09-21 21:50","13.78"
"2018-09-21 21:55","7.84"
"2018-09-21 22:00","8.78"
"2018-09-21 22:05","7.76"
"2018-09-21 22:10","7.25"
"2018-09-21 22:15","7.28"
"2018-09-21 22:20","7.53"
"2018-09-21 22:25","8.16"
"2018-09-21 22:30","8.15"
"2018-09-21 22:35","7.41"
"2018-09-21 22:40","7.16"
"2018-09-21 22:45","7.75"
"2018-09-21 22:50","4.92"
"2018-09-21 22:55","4.02"
"2018-09-21 23:00","4.43"
"2018-09-21 23:05","4.34"
"2018-09-21 23:10","4.06"
"2018-09-21 23:15","4.45"
"2018-09-21 23:20","3.89"
"2018-09-21 23:25","4.01"
"2018-09-21 23:30","4.75"
"2018-09-21 23:35","5.85"
"2018-09-21 23:40","7.75"
"2018-09-21 23:45","7.8"
"2018-09-21 23:50","7.45"
"2018-09-21 23:55","7.57"
"2018-09-22 00:00","7.71"
"2018-09-22 00:05","7.61"
"2018-09-22 00:10","7.75"
"2018-09-22 00:15","7.69"
"2018-09-22 00:20","7.35"
"2018-09-22 00:25","7.14"
"2018-09-22 00:30","7.28"
"2018-09-22 00:35","8.71"
"2018-09-22 00:40","7.57"
"2018-09-22 00:45","7.14"
"2018-09-22 00:50","7.15"
"2018-09-22 00:55","7.55"
"2018-09-22 01:00","7.8"
"2018-09-22 01:05","8.0"
"2018-09-22 01:10","7.31"
"2018-09-22 01:15","7.58"
"2018-09-22 01:20","7.57"
"2018-09-22 01:25","7.67"
"2018-09-22 01:30","7.36"
"2018-09-22 01:35","7.79"
"2018-09-22 01:40","7.64"
"2018-09-22 01:45","7.3"
"2018-09-22 01:50","8.19"
"2018-09-22 01:55","7.47"
"2018-09-22 02:00","7.34"
"2018-09-22 02:05","7.92"
"2018-09-22 02:10","7.49"
"2018-09-22 02:15","7.71"
"2018-09-22 02:20","7.24"
"2018-09-22 02:25","7.63"
"2018-09-22 02:30","7.39"
"2018-09-22 02:35","7.25"
"2018-09-22 02:40","8.43"
"2018-09-22 02:45","7.62"
"2018-09-22 02:50","7.79"
"2018-09-22 02:55","7.35"
"2018-09-22 03:00","7.41"
"2018-09-22 03:05","7.66"
"2018-09-22 03:10","8.11"
"2018-09-22 03:15","7.64"
"2018-09-22 03:20","6.97"
"2018-09-22 03:25","7.18"
"2018-09-22 03:30","7.66"
"2018-09-22 03:35","8.0"
"2018-09-22 03:40","7.86"
"2018-09-22 03:45","7.06"
"2018-09-22 03:50","7.3"
"2018-09-22 03:55","7.28"
"2018-09-22 04:00","8.0"
"2018-09-22 04:05","7.5"
"2018-09-22 04:10","7.7"
"2018-09-22 04:15","7.42"
"2018-09-22 04:20","7.2"
"2018-09-22 04:25","8.09"
"2018-09-22 04:30","7.44"
"2018-09-22 04:35","7.12"
"2018-09-22 04:40","7.23"
"2018-09-22 04:45","8.04"
"2018-09-22 04:50","7.97"
"2018-09-22 04:55","7.48"
"2018-09-22 05:00","7.18"
"2018-09-22 05:05","7.42"
"2018-09-22 05:10","7.36"
"2018-09-22 05:15","8.98"
"2018-09-22 05:20","8.77"
"2018-09-22 05:25","7.58"
"2018-09-22 05:30","7.68"
"2018-09-22 05:35","8.12"
"2018-09-22 05:40","8.12"
"2018-09-22 05:45","8.64"
"2018-09-22 05:50","7.91"
"2018-09-22 05:55","8.21"
"2018-09-22 06:00","7.98"
"2018-09-22 06:05","7.2"
"2018-09-22 06:10","7.97"
"2018-09-22 06:15","7.64"
"2018-09-22 06:20","7.53"
"2018-09-22 06:25","8.11"
"2018-09-22 06:30","7.35"
"2018-09-22 06:35","7.06"
"2018-09-22 06:40","7.81"
"2018-09-22 06:45","7.67"
"2018-09-22 06:50","7.66"
"2018-09-22 06:55","7.54"
"2018-09-22 07:00","7.67"
"2018-09-22 07:05","7.15"
"2018-09-22 07:10","8.4"
"2018-09-22 07:15","7.35"
"2018-09-22 07:20","6.91"
"2018-09-22 07:25","7.43"
"2018-09-22 07:30","7.65"
"2018-09-22 07:35","8.42"
"2018-09-22 07:40","8.49"
"2018-09-22 07:45","7.74"
"2018-09-22 07:50","8.06"
"2018-09-22 07:55","8.22"
"2018-09-22 08:00","10.06"
"2018-09-22 08:05","10.16"
"2018-09-22 08:10","9.11"
"2018-09-22 08:15","8.88"
"2018-09-22 08:20","9.83"
"2018-09-22 08:25","11.94"
"2018-09-22 08:30","11.3"
"2018-09-22 08:35","5.81"
"2018-09-22 08:40","6.66"
"2018-09-22 08:45","6.4"
"2018-09-22 08:50","7.21"
"2018-09-22 08:55","6.06"
"2018-09-22 09:00","6.22"
"2018-09-22 09:05","6.71"
"2018-09-22 09:10","7.33"
"2018-09-22 09:15","8.28"
"2018-09-22 09:20","7.91"
"2018-09-22 09:25","7.43"
"2018-09-22 09:30","5.77"
"2018-09-22 09:35","7.07"
"2018-09-22 09:40","6.82"
"2018-09-22 09:45","7.68"
"2018-09-22 09:50","6.74"
"2018-09-22 09:55","7.22"
"2018-09-22 10:00","6.65"
"2018-09-22 10:05","5.68"
"2018-09-22 10:10","6.38"
"2018-09-22 10:15","6.83"
"2018-09-22 10:20","6.5"
"2018-09-22 10:25","6.89"
"2018-09-22 10:30","6.41"
"2018-09-22 10:35","6.09"
"2018-09-22 10:40","6.45"
"2018-09-22 10:45","6.55"
"2018-09-22 10:50","6.05"
"2018-09-22 10:55","5.81"
"2018-09-22 11:00","5.78"
"2018-09-22 11:05","6.05"
"2018-09-22 11:10","6.29"
"2018-09-22 11:15","5.72"
"2018-09-22 11:20","5.6"
"2018-09-22 11:25","6.19"
"2018-09-22 11:30","6.23"
"2018-09-22 11:35","7.43"
"2018-09-22 11:40","6.18"
"2018-09-22 11:45","5.09"
"2018-09-22 11:50","6.08"
"2018-09-22 11:55","6.63"
"2018-09-22 12:00","6.31"
"2018-09-22 12:05","6.32"
"2018-09-22 12:10","6.57"
"2018-09-22 12:15","6.54"
"2018-09-22 12:20","6.97"
"2018-09-22 12:25","6.84"
"2018-09-22 12:30","7.07"
"2018-09-22 12:35","7.36"
"2018-09-22 12:40","6.83"
"2018-09-22 12:45","6.07"
"2018-09-22 12:50","5.85"
"2018-09-22 12:55","5.94"
"2018-09-22 13:00","4.86"
"2018-09-22 13:05","4.56"
"2018-09-22 13:10","4.01"
"2018-09-22 13:15","4.29"
"2018-09-22 13:20","4.57"
"2018-09-22 13:25","4.94"
"2018-09-22 13:30","4.26"
"2018-09-22 13:35","3.74"
"2018-09-22 13:40","4.08"
"2018-09-22 13:45","4.01"
"2018-09-22 13:50","5.16"
"2018-09-22 13:55","5.76"
"2018-09-22 14:00","6.0"
"2018-09-22 14:05","5.35"
"2018-09-22 14:10","4.86"
"2018-09-22 14:15","5.42"
"2018-09-22 14:20","4.85"
"2018-09-22 14:25","4.08"
"2018-09-22 14:30","3.75"
"2018-09-22 14:35","4.48"
"2018-09-22 14:40","4.35"
"2018-09-22 14:45","4.35"
"2018-09-22 14:50","3.97"
"2018-09-22 14:55","3.94"
"2018-09-22 15:00","4.51"
"2018-09-22 15:05","4.51"
"2018-09-22 15:10","4.18"
"2018-09-22 15:15","3.79"
"2018-09-22 15:20","4.33"
"2018-09-22 15:25","4.32"
"2018-09-22 15:30","4.31"
"2018-09-22 15:35","4.17"
"2018-09-22 15:40","3.97"
"2018-09-22 15:45","4.51"
"2018-09-22 15:50","5.41"
"2018-09-22 15:55","5.78"
"2018-09-22 16:00","5.65"
"2018-09-22 16:05","4.42"
"2018-09-22 16:10","4.95"
"2018-09-22 16:15","4.55"
"2018-09-22 16:20","4.55"
"2018-09-22 16:25","4.11"
"2018-09-22 16:30","4.39"
"2018-09-22 16:35","4.08"
"2018-09-22 16:40","3.82"
"2018-09-22 16:45","4.03"
"2018-09-22 16:50","4.6"
"2018-09-22 16:55","4.24"
"2018-09-22 17:00","4.1"
"2018-09-22 17:05","3.9"
"2018-09-22 17:10","4.07"
"2018-09-22 17:15","4.97"
"2018-09-22 17:20","4.17"
"2018-09-22 17:25","3.91"
"2018-09-22 17:30","4.02"
"2018-09-22 17:35","5.19"
"2018-09-22 17:40","5.58"
"2018-09-22 17:45","4.93"
"2018-09-22 17:50","4.73"
"2018-09-22 17:55","4.66"
"2018-09-22 18:00","5.47"
"2018-09-22 18:05","5.37"
"2018-09-22 18:10","4.87"
"2018-09-22 18:15","4.71"
"2018-09-22 18:20","5.0"
"2018-09-22 18:25","5.34"
"2018-09-22 18:30","5.12"
"2018-09-22 18:35","4.98"
"2018-09-22 18:40","4.56"
"2018-09-22 18:45","5.3"
"2018-09-22 18:50","5.13"
"2018-09-22 18:55","5.23"
"2018-09-22 19:00","4.78"
"2018-09-22 19:05","4.55"
"2018-09-22 19:10","5.32"
"2018-09-22 19:15","4.56"
"2018-09-22 19:20","5.26"
"2018-09-22 19:25","4.9"
"2018-09-22 19:30","4.98"
"2018-09-22 19:35","4.88"
"2018-09-22 19:40","4.89"
"2018-09-22 19:45","1.35"
"2018-09-22 19:50","1.71"
"2018-09-22 19:55","1.88"
"2018-09-22 20:00","1.14"
"2018-09-22 20:05","1.42"
"2018-09-22 20:10","1.47"
"2018-09-22 20:15","1.84"
"2018-09-22 20:20","1.79"
"2018-09-22 20:25","1.27"
"2018-09-22 20:30","1.24"
"2018-09-22 20:35","1.32"
"2018-09-22 20:40","2.27"
"2018-09-22 20:45","1.4"
"2018-09-22 20:50","1.44"
"2018-09-22 20:55","1.25"
"2018-09-22 21:00","1.28"
"2018-09-22 21:05","1.89"
"2018-09-22 21:10","1.81"
"2018-09-22 21:15","1.42"
"2018-09-22 21:20","1.05"
"2018-09-22 21:25","1.67"
"2018-09-22 21:30","2.2"
"2018-09-22 21:35","1.5"
"2018-09-22 21:40","1.03"
"2018-09-22 21:45","1.42"
"2018-09-22 21:50","1.81"
"2018-09-22 21:55","1.58"
"2018-09-22 22:00","1.71"
"2018-09-22 22:05","1.05"
"2018-09-22 22:10","1.45"
"2018-09-22 22:15","1.88"
"2018-09-22 22:20","1.39"
"2018-09-22 22:25","1.77"
"2018-09-22 22:30","1.3"
"2018-09-22 22:35","1.69"
"2018-09-22 22:40","1.48"
"2018-09-22 22:45","1.15"
"2018-09-22 22:50","1.96"
"2018-09-22 22:55","1.33"
"2018-09-22 23:00","1.72"
"2018-09-22 23:05","1.4"
"2018-09-22 23:10","1.55"
"2018-09-22 23:15","2.27"
"2018-09-22 23:20","1.11"
"2018-09-22 23:25","1.88"
"2018-09-22 23:30","1.21"
"2018-09-22 23:35","1.32"
"2018-09-22 23:40","1.78"
"2018-09-22 23:45","1.59"
"2018-09-22 23:50","1.79"
"2018-09-22 23:55","1.27"
"2018-09-23 00:00","1.29"
"2018-09-23 00:05","1.37"
"2018-09-23 00:10","1.9"
"2018-09-23 00:15","1.79"
"2018-09-23 00:20","1.25"
"2018-09-23 00:25","1.1"
"2018-09-23 00:30","1.38"
"2018-09-23 00:35","2.09"
"2018-09-23 00:40","1.72"
"2018-09-23 00:45","1.42"
"2018-09-23 00:50","1.05"
"2018-09-23 00:55","1.49"
"2018-09-23 01:00","1.99"
"2018-09-23 01:05","1.39"
"2018-09-23 01:10","1.41"
"2018-09-23 01:15","1.21"
"2018-09-23 01:20","1.59"
"2018-09-23 01:25","1.59"
"2018-09-23 01:30","1.66"
"2018-09-23 01:35","1.58"
"2018-09-23 01:40","1.19"
"2018-09-23 01:45","1.75"
"2018-09-23 01:50","1.43"
"2018-09-23 01:55","1.48"
"2018-09-23 02:00","1.46"
"2018-09-23 02:05","1.42"
"2018-09-23 02:10","1.79"
"2018-09-23 02:15","1.25"
"2018-09-23 02:20","1.43"
"2018-09-23 02:25","1.51"
"2018-09-23 02:30","1.6"
"2018-09-23 02:35","2.04"
"2018-09-23 02:40","1.47"
"2018-09-23 02:45","1.06"
"2018-09-23 02:50","1.56"
"2018-09-23 02:55","1.9"
"2018-09-23 03:00","1.54"
"2018-09-23 03:05","1.21"
"2018-09-23 03:10","1.41"
"2018-09-23 03:15","1.31"
"2018-09-23 03:20","1.86"
"2018-09-23 03:25","1.75"
"2018-09-23 03:30","1.35"
"2018-09-23 03:35","1.32"
"2018-09-23 03:40","1.26"
"2018-09-23 03:45","1.96"
"2018-09-23 03:50","1.72"
"2018-09-23 03:55","1.44"
"2018-09-23 04:00","1.43"
"2018-09-23 04:05","1.06"
"2018-09-23 04:10","1.88"
"2018-09-23 04:15","1.87"
"2018-09-23 04:20","1.36"
"2018-09-23 04:25","1.35"
"2018-09-23 04:30","1.42"
"2018-09-23 04:35","2.07"
"2018-09-23 04:40","1.32"
"2018-09-23 04:45","1.41"
"2018-09-23 04:50","1.23"
"2018-09-23 04:55","1.49"
"2018-09-23 05:00","1.61"
"2018-09-23 05:05","1.95"
"2018-09-23 05:10","1.16"
"2018-09-23 05:15","1.41"
"2018-09-23 05:20","1.51"
"2018-09-23 05:25","1.51"
"2018-09-23 05:30","1.53"
"2018-09-23 05:35","1.71"
"2018-09-23 05:40","1.31"
"2018-09-23 05:45","1.78"
"2018-09-23 05:50","1.24"
"2018-09-23 05:55","1.35"
"2018-09-23 06:00","1.67"
"2018-09-23 06:05","1.73"
"2018-09-23 06:10","1.6"
"2018-09-23 06:15","1.07"
"2018-09-23 06:20","1.43"
"2018-09-23 06:25","1.65"
"2018-09-23 06:30","1.71"
"2018-09-23 06:35","1.52"
"2018-09-23 06:40","1.31"
"2018-09-23 06:45","1.45"
"2018-09-23 06:50","1.27"
"2018-09-23 06:55","1.81"
"2018-09-23 07:00","1.81"
"2018-09-23 07:05","1.26"
"2018-09-23 07:10","1.3"
"2018-09-23 07:15","1.36"
"2018-09-23 07:20","1.9"
"2018-09-23 07:25","1.77"
"2018-09-23 07:30","1.43"
"2018-09-23 07:35","1.05"
"2018-09-23 07:40","1.4"
"2018-09-23 07:45","1.92"
"2018-09-23 07:50","1.68"
"2018-09-23 07:55","1.47"
"2018-09-23 08:00","1.29"
"2018-09-23 08:05","1.26"
"2018-09-23 08:10","1.87"
"2018-09-23 08:15","1.77"
"2018-09-23 08:20","1.3"
"2018-09-23 08:25","1.39"
"2018-09-23 08:30","1.29"
"2018-09-23 08:35","1.66"
"2018-09-23 08:40","1.43"
"2018-09-23 08:45","1.92"
"2018-09-23 08:50","0.7601"
"2018-09-23 08:55","0.4953"
"2018-09-23 09:00","1.04"
"2018-09-23 09:05","0.4839"
"2018-09-23 09:10","1.17"
"2018-09-23 09:15","0.6279"
"2018-09-23 09:20","0.5151"
"2018-09-23 09:25","1.06"
"2018-09-23 09:30","0.5406"
"2018-09-23 09:35","0.9593"
"2018-09-23 09:40","0.6717"
"2018-09-23 09:45","0.8522"
"2018-09-23 09:50","0.9592"
"2018-09-23 09:55","0.5856"
"2018-09-23 10:00","0.601"
"2018-09-23 10:05","0.718"
"2018-09-23 10:10","0.9788"
"2018-09-23 10:15","1.01"
"2018-09-23 10:20","0.437"
"2018-09-23 10:25","0.3005"
"2018-09-23 10:30","0.9301"
"2018-09-23 10:35","1.22"
"2018-09-23 10:40","0.7099"
"2018-09-23 10:45","0.5435"
"2018-09-23 10:50","0.625"
"2018-09-23 10:55","0.7051"
"2018-09-23 11:00","1.2"
"2018-09-23 11:05","0.9349"
"2018-09-23 11:10","0.5427"
"2018-09-23 11:15","0.5222"
"2018-09-23 11:20","0.6241"
"2018-09-23 11:25","1.19"
"2018-09-23 11:30","1.21"
"2018-09-23 11:35","0.3077"
"2018-09-23 11:40","0.6492"
"2018-09-23 11:45","0.6688"
"2018-09-23 11:50","1.0"
"2018-09-23 11:55","0.909"
"2018-09-23 12:00","0.7717"
"2018-09-23 12:05","0.5826"
"2018-09-23 12:10","0.6331"
"2018-09-23 12:15","0.9315"
"2018-09-23 12:20","0.957"
"2018-09-23 12:25","0.7802"
"2018-09-23 12:30","0.4475"
"2018-09-23 12:35","0.9674"
"2018-09-23 12:40","0.7881"
"2018-09-23 12:45","0.6005"
"2018-09-23 12:50","1.03"
"2018-09-23 12:55","0.642"
"2018-09-23 13:00","0.8578"
"2018-09-23 13:05","0.7225"
"2018-09-23 13:10","0.4871"
"2018-09-23 13:15","1.01"
"2018-09-23 13:20","0.9144"
"2018-09-23 13:25","1.02"
"2018-09-23 13:30","0.5934"
"2018-09-23 13:35","0.4211"
"2018-09-23 13:40","0.8345"
"2018-09-23 13:45","1.26"
"2018-09-23 13:50","0.8021"
"2018-09-23 13:55","0.3087"
"2018-09-23 14:00","0.3033"
"2018-09-23 14:05","0.7859"
"2018-09-23 14:10","1.49"
"2018-09-23 14:15","0.7397"
"2018-09-23 14:20","0.436"
"2018-09-23 14:25","0.4755"
"2018-09-23 14:30","0.7407"
"2018-09-23 14:35","1.63"
"2018-09-23 14:40","0.5549"
"2018-09-23 14:45","0.59"
"2018-09-23 14:50","0.5125"
"2018-09-23 14:55","0.8192"
"2018-09-23 15:00","1.21"
"2018-09-23 15:05","1.01"
"2018-09-23 15:10","0.5023"
"2018-09-23 15:15","0.6159"
"2018-09-23 15:20","1.04"
"2018-09-23 15:25","1.03"
"2018-09-23 15:30","0.7428"
"2018-09-23 15:35","0.6399"
"2018-09-23 15:40","0.604"
"2018-09-23 15:45","1.02"
"2018-09-23 15:50","0.9705"
"2018-09-23 15:55","0.7813"
"2018-09-23 16:00","0.3798"
"2018-09-23 16:05","0.9537"
"2018-09-23 16:10","1.05"
"2018-09-23 16:15","0.9771"
"2018-09-23 16:20","0.7392"
"2018-09-23 16:25","0.3079"
"2018-09-23 16:30","1.13"
"2018-09-23 16:35","0.8376"
"2018-09-23 16:40","0.778"
"2018-09-23 16:45","0.8004"
"2018-09-23 16:50","0.713"
"2018-09-23 16:55","1.11"
"2018-09-23 17:00","0.3087"
"2018-09-23 17:05","1.08"
"2018-09-23 17:10","0.9017"
"2018-09-23 17:15","0.9617"
"2018-09-23 17:20","0.7745"
"2018-09-23 17:25","0.4973"
"2018-09-23 17:30","0.7919"
"2018-09-23 17:35","0.8529"
"2018-09-23 17:40","1.1"
"2018-09-23 17:45","0.817"
"2018-09-23 17:50","0.3025"
"2018-09-23 17:55","0.6883"
"2018-09-23 18:00","1.34"
"2018-09-23 18:05","1.8"
"2018-09-23 18:10","0.3014"
"2018-09-23 18:15","0.6543"
"2018-09-23 18:20","0.3492"
"2018-09-23 18:25","1.56"
"2018-09-23 18:30","0.977"
"2018-09-23 18:35","1.1"
"2018-09-23 18:40","1.34"
"2018-09-23 18:45","1.38"
"2018-09-23 18:50","1.92"
"2018-09-23 18:55","1.81"
"2018-09-23 19:00","1.43"
"2018-09-23 19:05","1.26"
"2018-09-23 19:10","1.49"
"2018-09-23 19:15","1.67"
"2018-09-23 19:20","1.89"
"2018-09-23 19:25","1.22"
"2018-09-23 19:30","1.36"
"2018-09-23 19:35","1.67"
"2018-09-23 19:40","1.5"
"2018-09-23 19:45","1.59"
"2018-09-23 19:50","1.57"
"2018-09-23 19:55","1.28"
"2018-09-23 20:00","1.49"
"2018-09-23 20:05","1.64"
"2018-09-23 20:10","1.59"
"2018-09-23 20:15","1.52"
"2018-09-23 20:20","1.28"
"2018-09-23 20:25","1.57"
"2018-09-23 20:30","1.52"
"2018-09-23 20:35","1.38"
"2018-09-23 20:40","1.67"
"2018-09-23 20:45","1.58"
"2018-09-23 20:50","1.45"
"2018-09-23 20:55","1.4"
"2018-09-23 21:00","1.39"
"2018-09-23 21:05","1.71"
"2018-09-23 21:10","1.57"
"2018-09-23 21:15","1.7"
"2018-09-23 21:20","1.24"
"2018-09-23 21:25","1.29"
"2018-09-23 21:30","1.47"
"2018-09-23 21:35","1.77"
"2018-09-23 21:40","1.62"
"2018-09-23 21:45","1.26"
"2018-09-23 21:50","1.41"
"2018-09-23 21:55","1.44"
"2018-09-23 22:00","1.91"
"2018-09-23 22:05","1.69"
"2018-09-23 22:10","1.42"
"2018-09-23 22:15","1.28"
"2018-09-23 22:20","1.33"
"2018-09-23 22:25","2.23"
"2018-09-23 22:30","1.63"
"2018-09-23 22:35","1.24"
"2018-09-23 22:40","1.3"
"2018-09-23 22:45","1.41"
"2018-09-23 22:50","2.05"
"2018-09-23 22:55","1.45"
"2018-09-23 23:00","1.41"
"2018-09-23 23:05","1.19"
"2018-09-23 23:10","1.64"
"2018-09-23 23:15","1.64"
"2018-09-23 23:20","1.76"
"2018-09-23 23:25","1.28"
"2018-09-23 23:30","1.28"
"2018-09-23 23:35","1.69"
"2018-09-23 23:40","1.53"
"2018-09-23 23:45","1.51"
"2018-09-23 23:50","1.6"
"2018-09-23 23:55","1.27"
